Date,TimeStamp,IsCommanded,Channel1,Channel2,Channel3,Channel4,x_val,x_val_lin,x_mcp,x_mcp_lin,v1_shift,v3_shift,y_val,y_val_lin,y_mcp,y_mcp_lin,v4_shift,v2_shift
2024-01-26 05:10:48.980100+00:00,1862.999,True,1.064,1.098,1.137,1.128,0.997,1.061,35.555,40.647,0.004,1.137,0.493,0.604,-5.544,3.117,1.128,1.098
2024-01-26 05:10:49.987900+00:00,1863.999,True,1.064,1.098,1.137,1.128,0.997,1.061,35.555,40.646,0.004,1.137,0.493,0.604,-5.548,3.112,1.128,1.098
2024-01-26 05:10:50.995475+00:00,1864.999,True,1.064,1.098,1.137,1.128,0.997,1.062,35.559,40.652,0.004,1.137,0.493,0.604,-5.544,3.118,1.128,1.098
2024-01-26 05:10:51.987550+00:00,1865.999,True,1.064,1.098,1.137,1.128,0.997,1.062,35.559,40.652,0.004,1.137,0.493,0.604,-5.544,3.118,1.128,1.098
2024-01-26 05:10:52.999925+00:00,1866.999,True,1.064,1.098,1.137,1.128,0.997,1.062,35.564,40.656,0.004,1.137,0.493,0.604,-5.544,3.118,1.128,1.098
2024-01-26 05:10:53.987275+00:00,1867.999,True,1.064,1.098,1.137,1.128,0.997,1.062,35.564,40.656,0.004,1.137,0.493,0.604,-5.546,3.116,1.128,1.098
2024-01-26 05:10:54.999600+00:00,1868.999,True,1.064,1.098,1.137,1.128,0.997,1.061,35.555,40.646,0.004,1.137,0.493,0.604,-5.548,3.112,1.128,1.098
2024-01-26 05:10:55.986900+00:00,1869.999,True,1.064,1.098,1.137,1.127,0.997,1.062,35.574,40.665,0.004,1.137,0.493,0.604,-5.545,3.118,1.127,1.098
2024-01-26 05:10:56.994725+00:00,1870.999,True,1.064,1.098,1.137,1.128,0.997,1.062,35.564,40.656,0.004,1.137,0.493,0.604,-5.544,3.118,1.128,1.098
2024-01-26 05:10:57.986575+00:00,1871.999,True,1.064,1.098,1.137,1.128,0.997,1.061,35.555,40.647,0.004,1.137,0.493,0.604,-5.544,3.117,1.128,1.098
2024-01-26 05:10:58.999150+00:00,1872.999,True,1.064,1.098,1.137,1.128,0.997,1.062,35.564,40.656,0.004,1.137,0.493,0.604,-5.547,3.115,1.128,1.098
2024-01-26 05:10:59.986250+00:00,1873.999,True,1.064,1.098,1.137,1.127,0.997,1.061,35.555,40.647,0.004,1.137,0.493,0.604,-5.544,3.117,1.127,1.098
2024-01-26 05:11:00.993750+00:00,1874.999,True,1.064,1.098,1.137,1.128,0.997,1.062,35.574,40.665,0.004,1.137,0.493,0.604,-5.546,3.117,1.128,1.098
2024-01-26 05:11:01.985925+00:00,1875.999,True,1.064,1.098,1.137,1.128,0.997,1.061,35.55,40.642,0.004,1.137,0.493,0.604,-5.544,3.117,1.128,1.098
2024-01-26 05:11:02.993600+00:00,1876.999,True,1.064,1.099,1.137,1.127,0.997,1.061,35.55,40.643,0.004,1.137,0.494,0.604,-5.537,3.123,1.127,1.099
2024-01-26 05:11:03.985600+00:00,1877.999,True,1.064,1.098,1.137,1.128,0.997,1.062,35.564,40.655,0.004,1.137,0.493,0.604,-5.548,3.114,1.128,1.098
2024-01-26 05:11:04.993450+00:00,1878.999,True,1.064,1.098,1.137,1.128,0.997,1.062,35.559,40.651,0.004,1.137,0.493,0.604,-5.548,3.113,1.128,1.098
2024-01-26 05:11:05.985250+00:00,1879.999,True,1.064,1.098,1.137,1.128,0.997,1.062,35.564,40.656,0.004,1.137,0.493,0.604,-5.544,3.118,1.128,1.098
2024-01-26 05:11:06.993125+00:00,1880.999,True,1.064,1.098,1.137,1.128,0.997,1.062,35.559,40.651,0.004,1.137,0.493,0.604,-5.547,3.114,1.128,1.098
2024-01-26 05:11:07.984925+00:00,1881.999,True,1.064,1.098,1.137,1.128,0.997,1.061,35.555,40.646,0.004,1.137,0.493,0.604,-5.551,3.11,1.128,1.098
2024-01-26 05:11:08.992750+00:00,1882.999,True,1.064,1.098,1.137,1.128,0.997,1.061,35.555,40.647,0.004,1.137,0.493,0.604,-5.545,3.116,1.128,1.098
2024-01-26 05:11:09.984625+00:00,1883.999,True,1.064,1.098,1.137,1.128,0.997,1.062,35.574,40.665,0.004,1.137,0.493,0.604,-5.545,3.118,1.128,1.098
2024-01-26 05:11:10.992450+00:00,1884.999,True,1.064,1.098,1.137,1.128,0.997,1.062,35.569,40.66,0.004,1.137,0.493,0.604,-5.547,3.115,1.128,1.098
2024-01-26 05:11:11.984350+00:00,1885.999,True,1.064,1.098,1.137,1.128,0.997,1.062,35.574,40.666,0.004,1.137,0.493,0.604,-5.541,3.122,1.128,1.098
2024-01-26 05:11:12.992175+00:00,1886.999,True,1.064,1.098,1.137,1.128,0.997,1.061,35.555,40.647,0.004,1.137,0.493,0.604,-5.544,3.117,1.128,1.098
2024-01-26 05:11:13.984025+00:00,1887.999,True,1.064,1.098,1.137,1.128,0.997,1.062,35.564,40.656,0.004,1.137,0.493,0.604,-5.547,3.115,1.128,1.098
2024-01-26 05:11:14.991850+00:00,1888.999,True,1.064,1.098,1.137,1.128,0.997,1.062,35.574,40.666,0.004,1.137,0.493,0.604,-5.544,3.119,1.128,1.098
2024-01-26 05:11:15.983675+00:00,1889.999,True,1.064,1.098,1.137,1.128,0.997,1.062,35.559,40.652,0.004,1.137,0.493,0.604,-5.544,3.118,1.128,1.098
2024-01-26 05:11:16.991375+00:00,1890.999,True,1.064,1.098,1.137,1.127,0.997,1.061,35.555,40.647,0.004,1.137,0.493,0.604,-5.542,3.118,1.127,1.098
2024-01-26 05:11:17.983375+00:00,1891.999,True,1.064,1.099,1.137,1.128,0.997,1.061,35.555,40.648,0.004,1.137,0.494,0.604,-5.537,3.123,1.128,1.099
2024-01-26 05:11:18.991200+00:00,1892.999,True,1.064,1.098,1.137,1.128,0.997,1.062,35.569,40.66,0.004,1.137,0.493,0.604,-5.546,3.116,1.128,1.098
2024-01-26 05:11:19.983025+00:00,1893.999,True,1.064,1.098,1.137,1.127,0.997,1.062,35.569,40.661,0.004,1.137,0.493,0.604,-5.541,3.121,1.127,1.098
2024-01-26 05:11:20.990875+00:00,1894.999,True,1.064,1.098,1.137,1.127,0.997,1.062,35.574,40.666,0.004,1.137,0.493,0.604,-5.542,3.121,1.127,1.098
2024-01-26 05:11:21.982675+00:00,1895.999,True,1.064,1.098,1.137,1.128,0.997,1.062,35.569,40.661,0.004,1.137,0.493,0.604,-5.545,3.118,1.128,1.098
2024-01-26 05:11:22.990500+00:00,1896.999,True,1.064,1.098,1.137,1.128,0.997,1.062,35.573,40.665,0.004,1.137,0.493,0.604,-5.546,3.117,1.128,1.098
2024-01-26 05:11:23.982375+00:00,1897.999,True,1.063,1.098,1.137,1.128,0.997,1.062,35.583,40.675,0.003,1.137,0.493,0.604,-5.544,3.12,1.128,1.098
2024-01-26 05:11:24.990200+00:00,1898.999,True,1.064,1.098,1.137,1.128,0.997,1.062,35.569,40.661,0.004,1.137,0.493,0.604,-5.542,3.12,1.128,1.098
2024-01-26 05:11:25.982050+00:00,1899.999,True,1.064,1.098,1.137,1.128,0.997,1.062,35.569,40.66,0.004,1.137,0.493,0.604,-5.547,3.115,1.128,1.098
2024-01-26 05:11:26.989875+00:00,1900.999,True,1.064,1.098,1.137,1.128,0.997,1.061,35.55,40.642,0.004,1.137,0.493,0.604,-5.542,3.118,1.128,1.098
2024-01-26 05:11:27.981700+00:00,1901.999,True,1.064,1.098,1.137,1.128,0.997,1.062,35.564,40.656,0.004,1.137,0.493,0.604,-5.546,3.116,1.128,1.098
2024-01-26 05:11:28.989550+00:00,1902.999,True,1.064,1.098,1.137,1.127,0.997,1.062,35.569,40.662,0.004,1.137,0.493,0.604,-5.539,3.124,1.127,1.098
2024-01-26 05:11:29.981350+00:00,1903.999,True,1.064,1.098,1.137,1.128,0.997,1.062,35.569,40.661,0.004,1.137,0.493,0.604,-5.546,3.116,1.128,1.098
2024-01-26 05:11:30.994125+00:00,1904.999,True,1.064,1.098,1.137,1.128,0.997,1.062,35.559,40.651,0.004,1.137,0.493,0.604,-5.546,3.115,1.128,1.098
2024-01-26 05:11:31.981000+00:00,1905.999,True,1.064,1.098,1.137,1.127,0.997,1.062,35.559,40.652,0.004,1.137,0.493,0.604,-5.54,3.121,1.127,1.098
2024-01-26 05:11:32.988725+00:00,1906.999,True,1.064,1.098,1.137,1.127,0.997,1.062,35.569,40.661,0.004,1.137,0.493,0.604,-5.542,3.12,1.127,1.098
2024-01-26 05:11:33.980650+00:00,1907.999,True,1.064,1.098,1.137,1.128,0.997,1.062,35.573,40.665,0.004,1.137,0.493,0.604,-5.546,3.117,1.128,1.098
2024-01-26 05:11:34.988525+00:00,1908.999,True,1.064,1.098,1.137,1.128,0.997,1.062,35.573,40.666,0.004,1.137,0.493,0.604,-5.542,3.121,1.128,1.098
2024-01-26 05:11:35.980100+00:00,1909.999,True,1.063,1.098,1.137,1.127,0.997,1.062,35.583,40.675,0.003,1.137,0.493,0.604,-5.542,3.122,1.127,1.098
2024-01-26 05:11:36.988150+00:00,1910.999,True,1.064,1.098,1.137,1.127,0.997,1.062,35.574,40.666,0.004,1.137,0.493,0.604,-5.544,3.119,1.127,1.098
2024-01-26 05:11:37.995900+00:00,1911.999,True,1.064,1.098,1.137,1.127,0.997,1.062,35.569,40.661,0.004,1.137,0.493,0.604,-5.545,3.118,1.127,1.098
2024-01-26 05:11:38.987725+00:00,1912.999,True,1.063,1.098,1.137,1.127,0.997,1.062,35.578,40.671,0.003,1.137,0.493,0.604,-5.54,3.124,1.127,1.098
2024-01-26 05:11:40.000325+00:00,1913.999,True,1.063,1.098,1.137,1.128,0.997,1.062,35.583,40.674,0.003,1.137,0.493,0.604,-5.547,3.117,1.128,1.098
2024-01-26 05:11:40.990625+00:00,1914.999,True,1.064,1.098,1.137,1.128,0.997,1.062,35.569,40.661,0.004,1.137,0.493,0.604,-5.545,3.118,1.128,1.098
2024-01-26 05:11:41.995225+00:00,1915.999,True,1.064,1.098,1.137,1.128,0.997,1.062,35.569,40.661,0.004,1.137,0.493,0.604,-5.546,3.116,1.128,1.098
2024-01-26 05:11:42.987200+00:00,1916.999,True,1.063,1.098,1.137,1.127,0.997,1.062,35.578,40.67,0.003,1.137,0.493,0.604,-5.546,3.117,1.127,1.098
2024-01-26 05:11:43.994925+00:00,1917.999,True,1.064,1.098,1.137,1.128,0.997,1.062,35.564,40.656,0.004,1.137,0.493,0.604,-5.544,3.118,1.128,1.098
2024-01-26 05:11:44.986675+00:00,1918.999,True,1.063,1.098,1.137,1.127,0.997,1.062,35.578,40.67,0.003,1.137,0.493,0.604,-5.545,3.119,1.127,1.098
2024-01-26 05:11:45.999225+00:00,1919.999,True,1.064,1.098,1.137,1.127,0.997,1.062,35.569,40.661,0.004,1.137,0.493,0.604,-5.542,3.12,1.127,1.098
2024-01-26 05:11:46.991025+00:00,1920.999,True,1.064,1.098,1.137,1.127,0.997,1.062,35.564,40.656,0.004,1.137,0.493,0.604,-5.545,3.117,1.127,1.098
2024-01-26 05:11:47.999075+00:00,1921.999,True,1.064,1.098,1.137,1.128,0.997,1.062,35.574,40.665,0.004,1.137,0.493,0.604,-5.545,3.118,1.128,1.098
2024-01-26 05:11:48.990900+00:00,1922.999,True,1.063,1.098,1.137,1.127,0.997,1.062,35.588,40.679,0.003,1.137,0.493,0.604,-5.545,3.12,1.127,1.098
2024-01-26 05:11:49.999725+00:00,1923.999,True,1.064,1.098,1.137,1.127,0.997,1.062,35.569,40.662,0.004,1.137,0.493,0.604,-5.54,3.122,1.127,1.098
2024-01-26 05:11:50.985825+00:00,1924.999,True,1.064,1.098,1.137,1.128,0.997,1.062,35.559,40.652,0.004,1.137,0.493,0.604,-5.544,3.118,1.128,1.098
2024-01-26 05:11:51.993675+00:00,1925.999,True,1.064,1.098,1.137,1.128,0.997,1.062,35.564,40.655,0.004,1.137,0.493,0.604,-5.548,3.113,1.128,1.098
2024-01-26 05:11:52.985500+00:00,1926.999,True,1.064,1.098,1.137,1.128,0.997,1.062,35.559,40.652,0.004,1.137,0.493,0.604,-5.542,3.119,1.128,1.098
2024-01-26 05:11:53.993350+00:00,1927.999,True,1.064,1.098,1.137,1.127,0.997,1.062,35.569,40.662,0.004,1.137,0.493,0.604,-5.54,3.122,1.127,1.098
2024-01-26 05:11:54.985175+00:00,1928.999,True,1.064,1.098,1.137,1.128,0.997,1.062,35.569,40.66,0.004,1.137,0.493,0.604,-5.546,3.116,1.128,1.098
2024-01-26 05:11:55.993150+00:00,1929.999,True,1.064,1.098,1.137,1.127,0.997,1.062,35.569,40.661,0.004,1.137,0.493,0.604,-5.542,3.12,1.127,1.098
2024-01-26 05:11:56.984925+00:00,1930.999,True,1.064,1.098,1.137,1.127,0.997,1.062,35.574,40.665,0.004,1.137,0.493,0.604,-5.545,3.118,1.127,1.098
2024-01-26 05:11:57.992750+00:00,1931.999,True,1.064,1.098,1.137,1.128,0.997,1.062,35.573,40.665,0.004,1.137,0.493,0.604,-5.546,3.117,1.128,1.098
2024-01-26 05:11:58.984575+00:00,1932.999,True,1.063,1.098,1.137,1.128,0.997,1.062,35.578,40.67,0.003,1.137,0.493,0.604,-5.545,3.119,1.128,1.098
2024-01-26 05:11:59.992275+00:00,1933.999,True,1.064,1.098,1.137,1.127,0.997,1.062,35.559,40.652,0.004,1.137,0.493,0.604,-5.54,3.121,1.127,1.098
2024-01-26 05:12:00.988950+00:00,1934.999,True,1.064,1.098,1.137,1.127,0.997,1.062,35.564,40.657,0.004,1.137,0.493,0.604,-5.541,3.121,1.127,1.098
2024-01-26 05:12:01.996775+00:00,1935.999,True,1.064,1.098,1.137,1.128,0.997,1.062,35.559,40.651,0.004,1.137,0.493,0.604,-5.546,3.115,1.128,1.098
2024-01-26 05:12:02.988600+00:00,1936.999,True,1.064,1.098,1.137,1.128,0.997,1.062,35.559,40.65,0.004,1.137,0.493,0.604,-5.552,3.109,1.128,1.098
2024-01-26 05:12:03.996425+00:00,1937.999,True,1.064,1.098,1.137,1.127,0.997,1.062,35.559,40.652,0.004,1.137,0.493,0.604,-5.542,3.119,1.127,1.098
2024-01-26 05:12:04.988275+00:00,1938.999,True,1.064,1.098,1.137,1.127,0.997,1.062,35.569,40.66,0.004,1.137,0.493,0.604,-5.55,3.113,1.127,1.098
2024-01-26 05:12:05.996075+00:00,1939.999,True,1.064,1.098,1.137,1.128,0.997,1.062,35.573,40.665,0.004,1.137,0.493,0.604,-5.545,3.118,1.128,1.098
2024-01-26 05:12:06.988000+00:00,1940.999,True,1.064,1.098,1.137,1.127,0.997,1.062,35.569,40.661,0.004,1.137,0.493,0.604,-5.545,3.118,1.127,1.098
2024-01-26 05:12:07.995925+00:00,1941.999,True,1.064,1.098,1.137,1.127,0.997,1.062,35.573,40.666,0.004,1.137,0.493,0.604,-5.542,3.121,1.127,1.098
2024-01-26 05:12:08.987650+00:00,1942.999,True,1.063,1.098,1.137,1.127,0.997,1.062,35.578,40.67,0.003,1.137,0.493,0.604,-5.542,3.121,1.127,1.098
2024-01-26 05:12:09.995500+00:00,1943.999,True,1.064,1.098,1.137,1.127,0.997,1.062,35.569,40.661,0.004,1.137,0.493,0.604,-5.544,3.119,1.127,1.098
2024-01-26 05:12:10.987250+00:00,1944.999,True,1.064,1.098,1.137,1.128,0.997,1.062,35.564,40.656,0.004,1.137,0.493,0.604,-5.544,3.118,1.128,1.098
2024-01-26 05:12:11.995125+00:00,1945.999,True,1.064,1.098,1.137,1.128,0.997,1.062,35.573,40.665,0.004,1.137,0.493,0.604,-5.545,3.118,1.128,1.098
2024-01-26 05:12:12.982300+00:00,1946.999,True,1.064,1.098,1.137,1.128,0.997,1.062,35.573,40.666,0.004,1.137,0.493,0.604,-5.544,3.119,1.128,1.098
2024-01-26 05:12:13.990125+00:00,1947.999,True,1.064,1.098,1.137,1.127,0.997,1.062,35.569,40.661,0.004,1.137,0.493,0.604,-5.544,3.119,1.127,1.098
2024-01-26 05:12:14.981800+00:00,1948.999,True,1.063,1.098,1.137,1.128,0.997,1.062,35.578,40.67,0.003,1.137,0.493,0.604,-5.547,3.116,1.128,1.098
2024-01-26 05:12:15.989800+00:00,1949.999,True,1.063,1.098,1.137,1.127,0.997,1.062,35.588,40.679,0.003,1.137,0.493,0.604,-5.547,3.117,1.127,1.098
2024-01-26 05:12:16.981600+00:00,1950.999,True,1.063,1.098,1.137,1.127,0.997,1.062,35.583,40.675,0.003,1.137,0.493,0.604,-5.542,3.122,1.127,1.098
2024-01-26 05:12:17.989500+00:00,1951.999,True,1.064,1.098,1.137,1.128,0.997,1.062,35.569,40.66,0.004,1.137,0.493,0.604,-5.546,3.116,1.128,1.098
2024-01-26 05:12:18.981325+00:00,1952.999,True,1.064,1.098,1.137,1.127,0.997,1.062,35.569,40.661,0.004,1.137,0.493,0.604,-5.545,3.118,1.127,1.098
2024-01-26 05:12:19.988700+00:00,1953.999,True,1.064,1.098,1.137,1.127,0.997,1.061,35.55,40.643,0.004,1.137,0.493,0.604,-5.541,3.119,1.127,1.098
2024-01-26 05:12:20.980900+00:00,1954.999,True,1.064,1.098,1.137,1.127,0.997,1.062,35.574,40.666,0.004,1.137,0.493,0.604,-5.539,3.124,1.127,1.098
2024-01-26 05:12:21.988600+00:00,1955.999,True,1.064,1.098,1.137,1.127,0.997,1.062,35.574,40.666,0.004,1.137,0.493,0.604,-5.542,3.12,1.127,1.098
2024-01-26 05:12:22.985275+00:00,1956.999,True,1.063,1.098,1.137,1.128,0.997,1.062,35.583,40.674,0.003,1.137,0.493,0.604,-5.548,3.116,1.128,1.098
2024-01-26 05:12:23.993125+00:00,1957.999,True,1.064,1.098,1.137,1.128,0.997,1.062,35.564,40.656,0.004,1.137,0.493,0.604,-5.544,3.118,1.128,1.098
2024-01-26 05:12:25.000725+00:00,1958.999,True,1.064,1.098,1.137,1.128,0.997,1.061,35.55,40.642,0.004,1.137,0.493,0.604,-5.546,3.114,1.128,1.098
2024-01-26 05:12:25.992800+00:00,1959.999,True,1.064,1.098,1.137,1.127,0.997,1.062,35.564,40.657,0.004,1.137,0.493,0.604,-5.54,3.122,1.127,1.098
2024-01-26 05:12:27.000400+00:00,1960.999,True,1.064,1.098,1.137,1.128,0.997,1.061,35.55,40.642,0.004,1.137,0.493,0.604,-5.547,3.113,1.128,1.098
2024-01-26 05:12:27.992475+00:00,1961.999,True,1.064,1.098,1.137,1.127,0.997,1.062,35.574,40.665,0.004,1.137,0.493,0.604,-5.546,3.117,1.127,1.098
2024-01-26 05:12:29.000325+00:00,1962.999,True,1.064,1.098,1.137,1.127,0.997,1.062,35.564,40.656,0.004,1.137,0.493,0.604,-5.545,3.117,1.127,1.098
2024-01-26 05:12:29.992125+00:00,1963.999,True,1.064,1.098,1.137,1.128,0.997,1.062,35.559,40.652,0.004,1.137,0.493,0.604,-5.542,3.119,1.128,1.098
2024-01-26 05:12:30.999950+00:00,1964.999,True,1.064,1.098,1.137,1.127,0.997,1.062,35.569,40.661,0.004,1.137,0.493,0.604,-5.542,3.12,1.127,1.098
2024-01-26 05:12:31.991850+00:00,1965.999,True,1.063,1.098,1.137,1.128,0.997,1.062,35.578,40.67,0.003,1.137,0.493,0.604,-5.546,3.117,1.128,1.098
2024-01-26 05:12:32.999575+00:00,1966.999,True,1.063,1.098,1.137,1.127,0.997,1.062,35.583,40.675,0.003,1.137,0.493,0.604,-5.54,3.124,1.127,1.098
2024-01-26 05:12:33.991475+00:00,1967.999,True,1.064,1.098,1.137,1.127,0.997,1.062,35.573,40.666,0.004,1.137,0.493,0.604,-5.542,3.121,1.127,1.098
2024-01-26 05:12:34.999350+00:00,1968.999,True,1.064,1.098,1.137,1.127,0.997,1.062,35.564,40.656,0.004,1.137,0.493,0.604,-5.544,3.118,1.127,1.098
2024-01-26 05:12:35.991175+00:00,1969.999,True,1.064,1.098,1.137,1.128,0.997,1.062,35.573,40.665,0.004,1.137,0.493,0.604,-5.545,3.118,1.128,1.098
2024-01-26 05:12:36.999025+00:00,1970.999,True,1.064,1.098,1.137,1.127,0.997,1.062,35.569,40.661,0.004,1.137,0.493,0.604,-5.542,3.12,1.127,1.098
2024-01-26 05:12:37.990825+00:00,1971.999,True,1.064,1.098,1.137,1.127,0.997,1.062,35.573,40.666,0.004,1.137,0.493,0.604,-5.542,3.121,1.127,1.098
2024-01-26 05:12:38.998675+00:00,1972.999,True,1.064,1.098,1.137,1.128,0.997,1.062,35.564,40.656,0.004,1.137,0.493,0.604,-5.545,3.117,1.128,1.098
2024-01-26 05:12:39.990475+00:00,1973.999,True,1.064,1.098,1.137,1.127,0.997,1.062,35.573,40.666,0.004,1.137,0.493,0.604,-5.541,3.122,1.127,1.098
2024-01-26 05:12:40.998325+00:00,1974.999,True,1.064,1.098,1.137,1.127,0.997,1.062,35.573,40.666,0.004,1.137,0.493,0.604,-5.544,3.119,1.127,1.098
2024-01-26 05:12:41.990150+00:00,1975.999,True,1.064,1.098,1.137,1.127,0.997,1.062,35.573,40.666,0.004,1.137,0.493,0.604,-5.542,3.121,1.127,1.098
2024-01-26 05:12:42.998000+00:00,1976.999,True,1.063,1.098,1.137,1.128,0.997,1.062,35.578,40.67,0.003,1.137,0.493,0.604,-5.542,3.121,1.128,1.098
2024-01-26 05:12:43.989850+00:00,1977.999,True,1.064,1.098,1.137,1.127,0.997,1.062,35.569,40.661,0.004,1.137,0.493,0.604,-5.545,3.118,1.127,1.098
2024-01-26 05:12:44.997725+00:00,1978.999,True,1.064,1.098,1.137,1.127,0.997,1.062,35.573,40.666,0.004,1.137,0.493,0.604,-5.544,3.119,1.127,1.098
2024-01-26 05:12:45.989500+00:00,1979.999,True,1.064,1.098,1.137,1.127,0.997,1.062,35.569,40.661,0.004,1.137,0.493,0.604,-5.545,3.118,1.127,1.098
2024-01-26 05:12:46.997325+00:00,1980.999,True,1.063,1.098,1.137,1.127,0.997,1.062,35.578,40.67,0.003,1.137,0.493,0.604,-5.542,3.121,1.127,1.098
2024-01-26 05:12:47.989175+00:00,1981.999,True,1.063,1.098,1.137,1.127,0.997,1.062,35.578,40.67,0.003,1.137,0.493,0.604,-5.545,3.119,1.127,1.098
2024-01-26 05:12:48.997100+00:00,1982.999,True,1.064,1.098,1.137,1.127,0.997,1.062,35.573,40.666,0.004,1.137,0.493,0.604,-5.54,3.123,1.127,1.098
2024-01-26 05:12:49.988850+00:00,1983.999,True,1.063,1.098,1.137,1.127,0.997,1.062,35.588,40.679,0.003,1.137,0.493,0.604,-5.546,3.119,1.127,1.098
2024-01-26 05:12:50.996700+00:00,1984.999,True,1.063,1.098,1.137,1.127,0.997,1.062,35.578,40.67,0.003,1.137,0.493,0.604,-5.544,3.12,1.127,1.098
2024-01-26 05:12:51.988475+00:00,1985.999,True,1.064,1.098,1.137,1.127,0.997,1.062,35.564,40.656,0.004,1.137,0.493,0.604,-5.547,3.115,1.127,1.098
2024-01-26 05:12:52.996375+00:00,1986.999,True,1.064,1.098,1.137,1.128,0.997,1.062,35.569,40.661,0.004,1.137,0.493,0.604,-5.545,3.118,1.128,1.098
2024-01-26 05:12:53.988100+00:00,1987.999,True,1.063,1.098,1.137,1.127,0.997,1.062,35.588,40.68,0.003,1.137,0.493,0.604,-5.542,3.122,1.127,1.098
2024-01-26 05:12:54.996050+00:00,1988.999,True,1.064,1.098,1.137,1.127,0.997,1.062,35.569,40.661,0.004,1.137,0.493,0.604,-5.542,3.12,1.127,1.098
2024-01-26 05:12:55.987850+00:00,1989.999,True,1.064,1.098,1.137,1.127,0.997,1.062,35.559,40.652,0.004,1.137,0.493,0.604,-5.544,3.118,1.127,1.098
2024-01-26 05:12:56.995725+00:00,1990.999,True,1.063,1.098,1.137,1.127,0.997,1.062,35.578,40.671,0.003,1.137,0.493,0.604,-5.541,3.122,1.127,1.098
2024-01-26 05:12:57.987525+00:00,1991.999,True,1.064,1.098,1.137,1.128,0.997,1.062,35.569,40.66,0.004,1.137,0.493,0.604,-5.546,3.116,1.128,1.098
2024-01-26 05:12:58.995375+00:00,1992.999,True,1.063,1.098,1.137,1.127,0.997,1.062,35.578,40.67,0.003,1.137,0.493,0.604,-5.542,3.121,1.127,1.098
2024-01-26 05:12:59.987225+00:00,1993.999,True,1.064,1.098,1.137,1.127,0.997,1.062,35.569,40.661,0.004,1.137,0.493,0.604,-5.542,3.12,1.127,1.098
2024-01-26 05:13:00.995050+00:00,1994.999,True,1.064,1.098,1.137,1.127,0.997,1.062,35.573,40.666,0.004,1.137,0.493,0.604,-5.54,3.123,1.127,1.098
2024-01-26 05:13:01.986850+00:00,1995.999,True,1.063,1.098,1.137,1.128,0.997,1.062,35.578,40.669,0.003,1.137,0.493,0.604,-5.551,3.113,1.128,1.098
2024-01-26 05:13:02.994725+00:00,1996.999,True,1.064,1.098,1.137,1.127,0.997,1.062,35.569,40.66,0.004,1.137,0.493,0.604,-5.546,3.116,1.127,1.098
2024-01-26 05:13:03.986525+00:00,1997.999,True,1.063,1.098,1.137,1.127,0.997,1.062,35.578,40.671,0.003,1.137,0.493,0.604,-5.541,3.122,1.127,1.098
2024-01-26 05:13:04.994400+00:00,1998.999,True,1.064,1.098,1.137,1.127,0.997,1.062,35.573,40.665,0.004,1.137,0.493,0.604,-5.545,3.118,1.127,1.098
2024-01-26 05:13:05.986200+00:00,1999.999,True,1.063,1.098,1.137,1.127,0.997,1.062,35.583,40.674,0.003,1.137,0.493,0.604,-5.547,3.117,1.127,1.098
2024-01-26 05:13:06.993975+00:00,2000.999,True,1.064,1.098,1.137,1.127,0.997,1.062,35.569,40.66,0.004,1.137,0.493,0.604,-5.547,3.115,1.127,1.098
2024-01-26 05:13:07.985875+00:00,2001.999,True,1.063,1.098,1.137,1.127,0.997,1.062,35.583,40.675,0.003,1.137,0.493,0.604,-5.542,3.122,1.127,1.098
2024-01-26 05:13:08.993850+00:00,2002.999,True,1.064,1.098,1.137,1.127,0.997,1.062,35.564,40.656,0.004,1.137,0.493,0.604,-5.542,3.119,1.127,1.098
2024-01-26 05:13:09.985425+00:00,2003.999,True,1.063,1.098,1.137,1.127,0.997,1.062,35.578,40.67,0.003,1.137,0.493,0.604,-5.546,3.117,1.127,1.098
2024-01-26 05:13:10.993375+00:00,2004.999,True,1.063,1.098,1.137,1.127,0.997,1.062,35.583,40.675,0.003,1.137,0.493,0.604,-5.545,3.119,1.127,1.098
2024-01-26 05:13:11.996200+00:00,2005.999,True,1.064,1.098,1.137,1.127,0.997,1.062,35.573,40.666,0.004,1.137,0.493,0.604,-5.544,3.119,1.127,1.098
2024-01-26 05:13:12.988525+00:00,2006.999,True,1.063,1.098,1.137,1.127,0.997,1.062,35.578,40.67,0.003,1.137,0.493,0.604,-5.546,3.117,1.127,1.098
2024-01-26 05:13:13.996175+00:00,2007.999,True,1.063,1.098,1.137,1.127,0.997,1.062,35.578,40.671,0.003,1.137,0.493,0.604,-5.539,3.125,1.127,1.098
2024-01-26 05:13:14.988100+00:00,2008.999,True,1.063,1.098,1.137,1.127,0.997,1.062,35.578,40.67,0.003,1.137,0.493,0.604,-5.545,3.119,1.127,1.098
2024-01-26 05:13:15.995900+00:00,2009.999,True,1.063,1.098,1.137,1.127,0.997,1.062,35.578,40.67,0.003,1.137,0.493,0.604,-5.542,3.121,1.127,1.098
2024-01-26 05:13:16.987750+00:00,2010.999,True,1.063,1.098,1.137,1.128,0.997,1.062,35.583,40.674,0.003,1.137,0.493,0.604,-5.547,3.117,1.128,1.098
2024-01-26 05:13:17.995600+00:00,2011.999,True,1.063,1.098,1.137,1.127,0.997,1.062,35.588,40.68,0.003,1.137,0.493,0.604,-5.541,3.123,1.127,1.098
2024-01-26 05:13:18.987400+00:00,2012.999,True,1.064,1.098,1.137,1.127,0.997,1.062,35.569,40.66,0.004,1.137,0.493,0.604,-5.546,3.116,1.127,1.098
2024-01-26 05:13:19.999775+00:00,2013.999,True,1.063,1.098,1.137,1.127,0.997,1.062,35.578,40.67,0.003,1.137,0.493,0.604,-5.544,3.12,1.127,1.098
2024-01-26 05:13:20.987075+00:00,2014.999,True,1.064,1.098,1.137,1.127,0.997,1.062,35.573,40.666,0.004,1.137,0.493,0.604,-5.541,3.122,1.127,1.098
2024-01-26 05:13:21.994925+00:00,2015.999,True,1.063,1.098,1.137,1.128,0.997,1.062,35.583,40.675,0.003,1.137,0.493,0.604,-5.544,3.12,1.128,1.098
2024-01-26 05:13:22.986750+00:00,2016.999,True,1.063,1.098,1.137,1.127,0.997,1.062,35.578,40.67,0.003,1.137,0.493,0.604,-5.545,3.119,1.127,1.098
2024-01-26 05:13:23.999175+00:00,2017.999,True,1.063,1.098,1.137,1.127,0.997,1.062,35.588,40.679,0.003,1.137,0.493,0.604,-5.546,3.119,1.127,1.098
2024-01-26 05:13:24.986350+00:00,2018.999,True,1.064,1.098,1.137,1.127,0.997,1.062,35.573,40.665,0.004,1.137,0.493,0.604,-5.546,3.117,1.127,1.098
2024-01-26 05:13:25.994350+00:00,2019.999,True,1.063,1.098,1.137,1.127,0.997,1.062,35.578,40.67,0.003,1.137,0.493,0.604,-5.545,3.119,1.127,1.098
2024-01-26 05:13:26.986000+00:00,2020.999,True,1.063,1.098,1.137,1.127,0.997,1.062,35.588,40.679,0.003,1.137,0.493,0.604,-5.545,3.12,1.127,1.098
2024-01-26 05:13:27.993850+00:00,2021.999,True,1.064,1.098,1.137,1.127,0.997,1.062,35.573,40.666,0.004,1.137,0.493,0.604,-5.542,3.121,1.127,1.098
2024-01-26 05:13:28.985700+00:00,2022.999,True,1.064,1.098,1.137,1.127,0.997,1.062,35.573,40.666,0.004,1.137,0.493,0.604,-5.544,3.119,1.127,1.098
2024-01-26 05:13:29.993625+00:00,2023.999,True,1.063,1.098,1.137,1.128,0.997,1.062,35.578,40.67,0.003,1.137,0.493,0.604,-5.547,3.116,1.128,1.098
2024-01-26 05:13:30.985375+00:00,2024.999,True,1.064,1.098,1.137,1.127,0.997,1.062,35.573,40.666,0.004,1.137,0.493,0.604,-5.542,3.12,1.127,1.098
2024-01-26 05:13:31.993025+00:00,2025.999,True,1.064,1.098,1.137,1.127,0.997,1.062,35.573,40.665,0.004,1.137,0.493,0.604,-5.546,3.117,1.127,1.098
2024-01-26 05:13:32.984875+00:00,2026.999,True,1.064,1.098,1.137,1.127,0.997,1.062,35.573,40.665,0.004,1.137,0.493,0.604,-5.547,3.116,1.127,1.098
2024-01-26 05:13:33.992825+00:00,2027.999,True,1.063,1.098,1.137,1.127,0.997,1.062,35.583,40.675,0.003,1.137,0.493,0.604,-5.545,3.119,1.127,1.098
2024-01-26 05:13:34.984600+00:00,2028.999,True,1.063,1.098,1.137,1.127,0.997,1.062,35.578,40.67,0.003,1.137,0.493,0.604,-5.544,3.12,1.127,1.098
2024-01-26 05:13:35.997300+00:00,2029.999,True,1.063,1.098,1.137,1.127,0.997,1.062,35.583,40.675,0.003,1.137,0.493,0.604,-5.542,3.122,1.127,1.098
2024-01-26 05:13:36.989075+00:00,2030.999,True,1.063,1.098,1.137,1.127,0.997,1.062,35.578,40.67,0.003,1.137,0.493,0.604,-5.542,3.121,1.127,1.098
2024-01-26 05:13:37.996925+00:00,2031.999,True,1.064,1.098,1.137,1.127,0.997,1.062,35.573,40.665,0.004,1.137,0.493,0.604,-5.545,3.118,1.127,1.098
2024-01-26 05:13:38.984100+00:00,2032.999,True,1.063,1.098,1.137,1.127,0.997,1.062,35.578,40.67,0.003,1.137,0.493,0.604,-5.546,3.117,1.127,1.098
2024-01-26 05:13:39.991925+00:00,2033.999,True,1.063,1.098,1.137,1.128,0.997,1.062,35.578,40.67,0.003,1.137,0.493,0.604,-5.547,3.116,1.128,1.098
2024-01-26 05:13:40.983775+00:00,2034.999,True,1.063,1.098,1.137,1.127,0.997,1.062,35.578,40.67,0.003,1.137,0.493,0.604,-5.545,3.119,1.127,1.098
2024-01-26 05:13:41.991625+00:00,2035.999,True,1.063,1.098,1.137,1.127,0.997,1.062,35.578,40.669,0.003,1.137,0.493,0.604,-5.549,3.115,1.127,1.098
2024-01-26 05:13:42.983450+00:00,2036.999,True,1.064,1.098,1.137,1.127,0.997,1.062,35.574,40.665,0.004,1.137,0.493,0.604,-5.547,3.116,1.127,1.098
2024-01-26 05:13:43.991250+00:00,2037.999,True,1.064,1.098,1.137,1.127,0.997,1.062,35.569,40.661,0.004,1.137,0.493,0.604,-5.545,3.117,1.127,1.098
2024-01-26 05:13:44.983125+00:00,2038.999,True,1.063,1.098,1.137,1.127,0.997,1.062,35.578,40.67,0.003,1.137,0.493,0.604,-5.546,3.117,1.127,1.098
2024-01-26 05:13:45.990950+00:00,2039.999,True,1.063,1.098,1.137,1.127,0.997,1.062,35.578,40.67,0.003,1.137,0.493,0.604,-5.544,3.12,1.127,1.098
2024-01-26 05:13:46.982825+00:00,2040.999,True,1.063,1.098,1.137,1.127,0.997,1.062,35.578,40.67,0.003,1.137,0.493,0.604,-5.544,3.12,1.127,1.098
2024-01-26 05:13:47.990475+00:00,2041.999,True,1.064,1.098,1.137,1.127,0.997,1.062,35.569,40.66,0.004,1.137,0.493,0.604,-5.549,3.114,1.127,1.098
2024-01-26 05:13:48.982450+00:00,2042.999,True,1.063,1.098,1.137,1.127,0.997,1.062,35.583,40.674,0.003,1.137,0.493,0.604,-5.546,3.118,1.127,1.098
2024-01-26 05:13:49.990300+00:00,2043.999,True,1.063,1.098,1.137,1.127,0.997,1.062,35.588,40.68,0.003,1.137,0.493,0.604,-5.541,3.123,1.127,1.098
2024-01-26 05:13:50.981950+00:00,2044.999,True,1.063,1.098,1.137,1.128,0.997,1.062,35.583,40.674,0.003,1.137,0.493,0.604,-5.546,3.118,1.128,1.098
2024-01-26 05:13:51.989775+00:00,2045.999,True,1.063,1.098,1.137,1.127,0.997,1.062,35.578,40.67,0.003,1.137,0.493,0.604,-5.547,3.116,1.127,1.098
2024-01-26 05:13:52.981625+00:00,2046.999,True,1.064,1.098,1.137,1.128,0.997,1.062,35.573,40.665,0.004,1.137,0.493,0.604,-5.55,3.113,1.128,1.098
2024-01-26 05:13:53.989600+00:00,2047.999,True,1.064,1.098,1.137,1.128,0.997,1.062,35.573,40.665,0.004,1.137,0.493,0.604,-5.55,3.113,1.128,1.098
2024-01-26 05:13:54.986150+00:00,2048.999,True,1.063,1.098,1.137,1.127,0.997,1.062,35.588,40.679,0.003,1.137,0.493,0.604,-5.546,3.119,1.127,1.098
2024-01-26 05:13:55.993950+00:00,2049.999,True,1.064,1.098,1.137,1.127,0.997,1.062,35.573,40.666,0.004,1.137,0.493,0.604,-5.541,3.122,1.127,1.098
2024-01-26 05:13:56.985800+00:00,2050.999,True,1.063,1.098,1.137,1.128,0.997,1.062,35.588,40.679,0.003,1.137,0.493,0.604,-5.548,3.116,1.128,1.098
2024-01-26 05:13:57.988650+00:00,2051.999,True,1.064,1.098,1.137,1.127,0.997,1.062,35.569,40.66,0.004,1.137,0.493,0.604,-5.546,3.116,1.127,1.098
2024-01-26 05:13:58.996325+00:00,2052.999,True,1.063,1.098,1.137,1.127,0.997,1.062,35.578,40.67,0.003,1.137,0.493,0.604,-5.544,3.12,1.127,1.098
2024-01-26 05:13:59.988625+00:00,2053.999,True,1.064,1.098,1.137,1.127,0.997,1.062,35.573,40.666,0.004,1.137,0.493,0.604,-5.543,3.12,1.127,1.098
2024-01-26 05:14:00.996375+00:00,2054.999,True,1.063,1.098,1.137,1.127,0.997,1.062,35.583,40.674,0.003,1.137,0.493,0.604,-5.547,3.117,1.127,1.098
2024-01-26 05:14:01.988150+00:00,2055.999,True,1.063,1.098,1.137,1.127,0.997,1.062,35.578,40.669,0.003,1.137,0.493,0.604,-5.549,3.115,1.127,1.098
2024-01-26 05:14:03.000725+00:00,2056.999,True,1.064,1.098,1.137,1.127,0.997,1.062,35.569,40.661,0.004,1.137,0.493,0.604,-5.545,3.117,1.127,1.098
2024-01-26 05:14:03.987900+00:00,2057.999,True,1.063,1.098,1.137,1.127,0.997,1.062,35.578,40.669,0.003,1.137,0.493,0.604,-5.55,3.114,1.127,1.098
2024-01-26 05:14:04.995850+00:00,2058.999,True,1.063,1.098,1.137,1.127,0.997,1.062,35.588,40.679,0.003,1.137,0.493,0.604,-5.546,3.118,1.127,1.098
2024-01-26 05:14:05.987650+00:00,2059.999,True,1.064,1.098,1.137,1.127,0.997,1.062,35.564,40.657,0.004,1.137,0.493,0.604,-5.541,3.121,1.127,1.098
2024-01-26 05:14:07.000025+00:00,2060.999,True,1.064,1.098,1.137,1.127,0.997,1.062,35.569,40.661,0.004,1.137,0.493,0.604,-5.544,3.119,1.127,1.098
2024-01-26 05:14:07.987275+00:00,2061.999,True,1.064,1.098,1.137,1.127,0.997,1.062,35.573,40.666,0.004,1.137,0.493,0.604,-5.544,3.119,1.127,1.098
2024-01-26 05:14:08.999800+00:00,2062.999,True,1.063,1.098,1.137,1.127,0.997,1.062,35.578,40.67,0.003,1.137,0.493,0.604,-5.544,3.12,1.127,1.098
2024-01-26 05:14:09.986925+00:00,2063.999,True,1.063,1.098,1.137,1.127,0.997,1.062,35.578,40.67,0.003,1.137,0.493,0.604,-5.546,3.117,1.127,1.098
2024-01-26 05:14:10.994950+00:00,2064.999,True,1.064,1.098,1.137,1.127,0.997,1.062,35.569,40.662,0.004,1.137,0.493,0.604,-5.539,3.124,1.127,1.098
2024-01-26 05:14:11.986675+00:00,2065.999,True,1.063,1.098,1.137,1.127,0.997,1.062,35.583,40.675,0.003,1.137,0.493,0.604,-5.545,3.119,1.127,1.098
2024-01-26 05:14:12.994600+00:00,2066.999,True,1.064,1.098,1.137,1.127,0.997,1.062,35.569,40.661,0.004,1.137,0.493,0.604,-5.54,3.122,1.127,1.098
2024-01-26 05:14:13.986350+00:00,2067.999,True,1.063,1.098,1.137,1.127,0.997,1.062,35.583,40.675,0.003,1.137,0.493,0.604,-5.544,3.12,1.127,1.098
2024-01-26 05:14:14.998800+00:00,2068.999,True,1.063,1.098,1.137,1.127,0.997,1.062,35.588,40.68,0.003,1.137,0.493,0.604,-5.541,3.123,1.127,1.098
2024-01-26 05:14:15.990500+00:00,2069.999,True,1.063,1.098,1.137,1.127,0.997,1.062,35.588,40.679,0.003,1.137,0.493,0.604,-5.544,3.121,1.127,1.098
2024-01-26 05:14:16.993800+00:00,2070.999,True,1.063,1.098,1.137,1.127,0.997,1.062,35.597,40.689,0.003,1.137,0.493,0.604,-5.544,3.122,1.127,1.098
2024-01-26 05:14:17.985500+00:00,2071.999,True,1.064,1.098,1.137,1.127,0.997,1.062,35.573,40.666,0.004,1.137,0.493,0.604,-5.542,3.12,1.127,1.098
2024-01-26 05:14:18.993600+00:00,2072.999,True,1.063,1.098,1.137,1.127,0.997,1.062,35.588,40.679,0.003,1.137,0.493,0.604,-5.547,3.117,1.127,1.098
2024-01-26 05:14:19.985350+00:00,2073.999,True,1.063,1.098,1.137,1.127,0.997,1.062,35.583,40.675,0.003,1.137,0.493,0.604,-5.544,3.12,1.127,1.098
2024-01-26 05:14:20.993200+00:00,2074.999,True,1.063,1.098,1.137,1.127,0.997,1.062,35.597,40.689,0.003,1.137,0.493,0.604,-5.545,3.121,1.127,1.098
2024-01-26 05:14:21.989675+00:00,2075.999,True,1.063,1.098,1.137,1.127,0.997,1.062,35.588,40.679,0.003,1.137,0.493,0.604,-5.546,3.118,1.127,1.098
2024-01-26 05:14:22.997500+00:00,2076.999,True,1.064,1.098,1.137,1.127,0.997,1.062,35.569,40.661,0.004,1.137,0.493,0.604,-5.541,3.121,1.127,1.098
2024-01-26 05:14:23.989375+00:00,2077.999,True,1.063,1.098,1.137,1.127,0.997,1.062,35.578,40.67,0.003,1.137,0.493,0.604,-5.546,3.117,1.127,1.098
2024-01-26 05:14:24.997200+00:00,2078.999,True,1.063,1.098,1.137,1.128,0.997,1.062,35.592,40.683,0.003,1.137,0.493,0.604,-5.55,3.115,1.128,1.098
2024-01-26 05:14:25.989075+00:00,2079.999,True,1.063,1.098,1.137,1.127,0.997,1.062,35.592,40.684,0.003,1.137,0.493,0.604,-5.547,3.118,1.127,1.098
2024-01-26 05:14:26.996775+00:00,2080.999,True,1.063,1.098,1.137,1.127,0.997,1.062,35.578,40.67,0.003,1.137,0.493,0.604,-5.546,3.117,1.127,1.098
2024-01-26 05:14:27.988700+00:00,2081.999,True,1.064,1.098,1.137,1.127,0.997,1.062,35.573,40.666,0.004,1.137,0.493,0.604,-5.541,3.122,1.127,1.098
2024-01-26 05:14:28.996550+00:00,2082.999,True,1.063,1.098,1.137,1.127,0.997,1.062,35.588,40.68,0.003,1.137,0.493,0.604,-5.541,3.123,1.127,1.098
2024-01-26 05:14:29.988350+00:00,2083.999,True,1.063,1.098,1.137,1.127,0.997,1.062,35.578,40.67,0.003,1.137,0.493,0.604,-5.544,3.12,1.127,1.098
2024-01-26 05:14:30.996125+00:00,2084.999,True,1.063,1.098,1.137,1.127,0.997,1.062,35.578,40.67,0.003,1.137,0.493,0.604,-5.547,3.116,1.127,1.098
2024-01-26 05:14:31.988050+00:00,2085.999,True,1.063,1.098,1.137,1.127,0.997,1.062,35.583,40.675,0.003,1.137,0.493,0.604,-5.542,3.122,1.127,1.098
2024-01-26 05:14:32.995875+00:00,2086.999,True,1.063,1.098,1.137,1.127,0.997,1.062,35.583,40.675,0.003,1.137,0.493,0.604,-5.542,3.121,1.127,1.098
2024-01-26 05:14:33.987700+00:00,2087.999,True,1.063,1.098,1.137,1.127,0.997,1.062,35.592,40.684,0.003,1.137,0.493,0.604,-5.544,3.121,1.127,1.098
2024-01-26 05:14:34.995575+00:00,2088.999,True,1.063,1.098,1.137,1.127,0.997,1.062,35.578,40.67,0.003,1.137,0.493,0.604,-5.546,3.117,1.127,1.098
2024-01-26 05:14:35.987400+00:00,2089.999,True,1.063,1.098,1.137,1.127,0.997,1.062,35.578,40.67,0.003,1.137,0.493,0.604,-5.544,3.12,1.127,1.098
2024-01-26 05:14:36.995250+00:00,2090.999,True,1.063,1.098,1.137,1.127,0.997,1.062,35.578,40.67,0.003,1.137,0.493,0.604,-5.544,3.12,1.127,1.098
2024-01-26 05:14:37.986950+00:00,2091.999,True,1.063,1.098,1.137,1.127,0.997,1.062,35.592,40.684,0.003,1.137,0.493,0.604,-5.544,3.121,1.127,1.098
2024-01-26 05:14:38.994825+00:00,2092.999,True,1.063,1.098,1.137,1.127,0.997,1.062,35.588,40.68,0.003,1.137,0.493,0.604,-5.541,3.123,1.127,1.098
2024-01-26 05:14:39.986725+00:00,2093.999,True,1.064,1.098,1.137,1.127,0.997,1.062,35.573,40.666,0.004,1.137,0.493,0.604,-5.542,3.121,1.127,1.098
2024-01-26 05:14:40.994475+00:00,2094.999,True,1.063,1.098,1.137,1.127,0.997,1.062,35.583,40.675,0.003,1.137,0.493,0.604,-5.542,3.122,1.127,1.098
2024-01-26 05:14:41.986400+00:00,2095.999,True,1.063,1.098,1.137,1.127,0.997,1.062,35.583,40.675,0.003,1.137,0.493,0.604,-5.541,3.123,1.127,1.098
2024-01-26 05:14:42.994225+00:00,2096.999,True,1.063,1.098,1.137,1.127,0.997,1.062,35.583,40.675,0.003,1.137,0.493,0.604,-5.541,3.123,1.127,1.098
2024-01-26 05:14:43.986075+00:00,2097.999,True,1.063,1.098,1.137,1.127,0.997,1.062,35.578,40.67,0.003,1.137,0.493,0.604,-5.545,3.119,1.127,1.098
2024-01-26 05:14:44.993950+00:00,2098.999,True,1.063,1.098,1.137,1.127,0.997,1.062,35.583,40.675,0.003,1.137,0.493,0.604,-5.54,3.124,1.127,1.098
2024-01-26 05:14:45.996275+00:00,2099.999,True,1.063,1.098,1.137,1.127,0.997,1.062,35.578,40.67,0.003,1.137,0.493,0.604,-5.546,3.117,1.127,1.098
2024-01-26 05:14:46.993725+00:00,2100.999,True,1.063,1.098,1.137,1.127,0.997,1.062,35.578,40.67,0.003,1.137,0.493,0.604,-5.545,3.118,1.127,1.098
2024-01-26 05:14:48.001450+00:00,2101.999,True,1.063,1.098,1.137,1.127,0.997,1.062,35.588,40.68,0.003,1.137,0.493,0.604,-5.54,3.125,1.127,1.098
2024-01-26 05:14:48.993150+00:00,2102.999,True,1.063,1.098,1.137,1.127,0.997,1.062,35.583,40.675,0.003,1.137,0.493,0.604,-5.543,3.121,1.127,1.098
2024-01-26 05:14:50.001025+00:00,2103.999,True,1.063,1.098,1.137,1.127,0.997,1.062,35.583,40.675,0.003,1.137,0.493,0.604,-5.543,3.121,1.127,1.098
2024-01-26 05:14:50.992900+00:00,2104.999,True,1.063,1.098,1.137,1.127,0.997,1.062,35.583,40.676,0.003,1.137,0.494,0.604,-5.536,3.128,1.127,1.098
2024-01-26 05:14:52.000775+00:00,2105.999,True,1.063,1.098,1.137,1.127,0.997,1.062,35.597,40.689,0.003,1.137,0.493,0.604,-5.544,3.122,1.127,1.098
2024-01-26 05:14:52.992600+00:00,2106.999,True,1.063,1.098,1.137,1.127,0.997,1.062,35.597,40.688,0.003,1.137,0.493,0.604,-5.547,3.118,1.127,1.098
2024-01-26 05:14:54.000375+00:00,2107.999,True,1.063,1.098,1.137,1.127,0.997,1.062,35.583,40.674,0.003,1.137,0.493,0.604,-5.546,3.118,1.127,1.098
2024-01-26 05:14:54.992250+00:00,2108.999,True,1.063,1.098,1.137,1.127,0.997,1.062,35.588,40.679,0.003,1.137,0.493,0.604,-5.544,3.121,1.127,1.098
2024-01-26 05:14:56.000050+00:00,2109.999,True,1.063,1.098,1.137,1.127,0.997,1.062,35.583,40.675,0.003,1.137,0.493,0.604,-5.541,3.123,1.127,1.098
2024-01-26 05:14:56.991925+00:00,2110.999,True,1.063,1.098,1.137,1.127,0.997,1.062,35.578,40.67,0.003,1.137,0.493,0.604,-5.546,3.117,1.127,1.098
2024-01-26 05:14:57.999775+00:00,2111.999,True,1.063,1.098,1.137,1.127,0.997,1.062,35.588,40.679,0.003,1.137,0.493,0.604,-5.545,3.12,1.127,1.098
2024-01-26 05:14:58.991625+00:00,2112.999,True,1.063,1.098,1.137,1.127,0.997,1.062,35.588,40.679,0.003,1.137,0.493,0.604,-5.545,3.12,1.127,1.098
2024-01-26 05:14:59.999450+00:00,2113.999,True,1.063,1.098,1.137,1.127,0.997,1.062,35.578,40.671,0.003,1.137,0.493,0.604,-5.54,3.123,1.127,1.098
2024-01-26 05:15:00.991275+00:00,2114.999,True,1.063,1.098,1.137,1.127,0.997,1.062,35.583,40.674,0.003,1.137,0.493,0.604,-5.546,3.118,1.127,1.098
2024-01-26 05:15:01.999075+00:00,2115.999,True,1.063,1.098,1.137,1.127,0.997,1.062,35.578,40.67,0.003,1.137,0.493,0.604,-5.546,3.117,1.127,1.098
2024-01-26 05:15:02.990975+00:00,2116.999,True,1.063,1.098,1.137,1.127,0.997,1.062,35.583,40.675,0.003,1.137,0.493,0.604,-5.545,3.119,1.127,1.098
2024-01-26 05:15:03.998725+00:00,2117.999,True,1.063,1.098,1.137,1.127,0.997,1.062,35.592,40.684,0.003,1.137,0.493,0.604,-5.545,3.12,1.127,1.098
2024-01-26 05:15:04.990575+00:00,2118.999,True,1.063,1.098,1.137,1.127,0.997,1.062,35.588,40.679,0.003,1.137,0.493,0.604,-5.544,3.121,1.127,1.098
2024-01-26 05:15:05.998500+00:00,2119.999,True,1.063,1.098,1.137,1.127,0.997,1.062,35.592,40.685,0.003,1.137,0.493,0.604,-5.541,3.124,1.127,1.098
2024-01-26 05:15:06.990200+00:00,2120.999,True,1.063,1.098,1.137,1.127,0.997,1.062,35.588,40.679,0.003,1.137,0.493,0.604,-5.546,3.118,1.127,1.098
2024-01-26 05:15:07.998175+00:00,2121.999,True,1.063,1.098,1.137,1.127,0.997,1.062,35.597,40.689,0.003,1.137,0.493,0.604,-5.543,3.123,1.127,1.098
2024-01-26 05:15:08.989875+00:00,2122.999,True,1.063,1.098,1.137,1.127,0.997,1.062,35.592,40.685,0.003,1.137,0.493,0.604,-5.541,3.124,1.127,1.098
2024-01-26 05:15:09.997850+00:00,2123.999,True,1.063,1.098,1.137,1.127,0.997,1.062,35.583,40.675,0.003,1.137,0.493,0.604,-5.541,3.123,1.127,1.098
2024-01-26 05:15:10.989525+00:00,2124.999,True,1.063,1.098,1.136,1.127,0.997,1.062,35.602,40.694,0.003,1.136,0.493,0.604,-5.542,3.124,1.127,1.098
2024-01-26 05:15:11.997500+00:00,2125.999,True,1.063,1.098,1.137,1.127,0.997,1.062,35.588,40.679,0.003,1.137,0.493,0.604,-5.549,3.116,1.127,1.098
2024-01-26 05:15:12.989350+00:00,2126.999,True,1.063,1.098,1.137,1.127,0.997,1.062,35.597,40.689,0.003,1.137,0.493,0.604,-5.545,3.121,1.127,1.098
2024-01-26 05:15:13.997075+00:00,2127.999,True,1.063,1.098,1.137,1.127,0.997,1.062,35.597,40.689,0.003,1.137,0.493,0.604,-5.544,3.122,1.127,1.098
2024-01-26 05:15:14.988975+00:00,2128.999,True,1.063,1.098,1.137,1.127,0.997,1.062,35.592,40.685,0.003,1.137,0.493,0.604,-5.541,3.124,1.127,1.098
2024-01-26 05:15:15.996725+00:00,2129.999,True,1.063,1.098,1.137,1.127,0.997,1.062,35.583,40.674,0.003,1.137,0.493,0.604,-5.547,3.117,1.127,1.098
2024-01-26 05:15:16.988650+00:00,2130.999,True,1.063,1.098,1.137,1.127,0.997,1.062,35.583,40.674,0.003,1.137,0.493,0.604,-5.546,3.118,1.127,1.098
2024-01-26 05:15:17.996500+00:00,2131.999,True,1.063,1.098,1.137,1.127,0.997,1.062,35.583,40.674,0.003,1.137,0.493,0.604,-5.546,3.118,1.127,1.098
2024-01-26 05:15:18.988200+00:00,2132.999,True,1.063,1.098,1.137,1.127,0.997,1.062,35.588,40.679,0.003,1.137,0.493,0.604,-5.546,3.118,1.127,1.098
2024-01-26 05:15:19.996150+00:00,2133.999,True,1.063,1.098,1.137,1.127,0.997,1.062,35.583,40.675,0.003,1.137,0.493,0.604,-5.545,3.119,1.127,1.098
2024-01-26 05:15:20.988025+00:00,2134.999,True,1.063,1.098,1.137,1.127,0.997,1.062,35.578,40.67,0.003,1.137,0.493,0.604,-5.542,3.121,1.127,1.098
2024-01-26 05:15:21.995775+00:00,2135.999,True,1.063,1.098,1.137,1.127,0.997,1.062,35.592,40.684,0.003,1.137,0.493,0.604,-5.546,3.119,1.127,1.098
2024-01-26 05:15:22.987675+00:00,2136.999,True,1.063,1.098,1.137,1.127,0.997,1.062,35.588,40.679,0.003,1.137,0.493,0.604,-5.545,3.12,1.127,1.098
2024-01-26 05:15:23.995475+00:00,2137.999,True,1.064,1.098,1.137,1.127,0.997,1.062,35.573,40.665,0.004,1.137,0.493,0.604,-5.544,3.119,1.127,1.098
2024-01-26 05:15:24.987325+00:00,2138.999,True,1.063,1.098,1.137,1.127,0.997,1.062,35.583,40.675,0.003,1.137,0.493,0.604,-5.545,3.119,1.127,1.098
2024-01-26 05:15:25.995200+00:00,2139.999,True,1.063,1.098,1.137,1.127,0.997,1.062,35.592,40.684,0.003,1.137,0.493,0.604,-5.542,3.123,1.127,1.098
2024-01-26 05:15:26.986975+00:00,2140.999,True,1.063,1.098,1.137,1.127,0.997,1.062,35.583,40.675,0.003,1.137,0.493,0.604,-5.544,3.12,1.127,1.098
2024-01-26 05:15:27.994825+00:00,2141.999,True,1.063,1.098,1.137,1.127,0.997,1.062,35.578,40.671,0.003,1.137,0.494,0.604,-5.538,3.126,1.127,1.098
2024-01-26 05:15:28.986700+00:00,2142.999,True,1.063,1.098,1.137,1.127,0.997,1.062,35.578,40.67,0.003,1.137,0.493,0.604,-5.542,3.121,1.127,1.098
2024-01-26 05:15:29.994525+00:00,2143.999,True,1.063,1.098,1.137,1.127,0.997,1.062,35.583,40.675,0.003,1.137,0.493,0.604,-5.541,3.123,1.127,1.098
2024-01-26 05:15:30.986325+00:00,2144.999,True,1.063,1.098,1.137,1.127,0.997,1.062,35.592,40.684,0.003,1.137,0.493,0.604,-5.544,3.121,1.127,1.098
2024-01-26 05:15:31.994175+00:00,2145.999,True,1.063,1.098,1.137,1.127,0.997,1.062,35.583,40.674,0.003,1.137,0.493,0.604,-5.547,3.117,1.127,1.098
2024-01-26 05:15:32.985975+00:00,2146.999,True,1.063,1.098,1.137,1.127,0.997,1.062,35.597,40.689,0.003,1.137,0.493,0.604,-5.541,3.124,1.127,1.098
2024-01-26 05:15:33.993900+00:00,2147.999,True,1.063,1.098,1.137,1.127,0.997,1.062,35.592,40.684,0.003,1.137,0.493,0.604,-5.545,3.12,1.127,1.098
2024-01-26 05:15:35.001500+00:00,2148.999,True,1.063,1.098,1.137,1.127,0.997,1.062,35.588,40.68,0.003,1.137,0.493,0.604,-5.54,3.124,1.127,1.098
2024-01-26 05:15:35.993475+00:00,2149.999,True,1.063,1.098,1.137,1.127,0.997,1.062,35.588,40.679,0.003,1.137,0.493,0.604,-5.546,3.118,1.127,1.098
2024-01-26 05:15:37.001225+00:00,2150.999,True,1.063,1.098,1.137,1.127,0.997,1.062,35.583,40.675,0.003,1.137,0.493,0.604,-5.542,3.122,1.127,1.098
2024-01-26 05:15:37.988525+00:00,2151.999,True,1.063,1.098,1.137,1.127,0.997,1.062,35.583,40.675,0.003,1.137,0.493,0.604,-5.545,3.119,1.127,1.098
2024-01-26 05:15:38.996175+00:00,2152.999,True,1.064,1.098,1.137,1.127,0.997,1.062,35.573,40.666,0.004,1.137,0.493,0.604,-5.542,3.12,1.127,1.098
2024-01-26 05:15:39.988150+00:00,2153.999,True,1.064,1.098,1.137,1.127,0.997,1.062,35.573,40.666,0.004,1.137,0.493,0.604,-5.541,3.122,1.127,1.098
2024-01-26 05:15:40.995875+00:00,2154.999,True,1.064,1.098,1.137,1.127,0.997,1.062,35.573,40.666,0.004,1.137,0.493,0.604,-5.539,3.124,1.127,1.098
2024-01-26 05:15:41.987825+00:00,2155.999,True,1.063,1.098,1.137,1.127,0.997,1.062,35.588,40.679,0.003,1.137,0.493,0.604,-5.544,3.121,1.127,1.098
2024-01-26 05:15:43.000275+00:00,2156.999,True,1.063,1.098,1.137,1.127,0.997,1.062,35.578,40.67,0.003,1.137,0.493,0.604,-5.542,3.121,1.127,1.098
2024-01-26 05:15:43.987375+00:00,2157.999,True,1.063,1.098,1.137,1.127,0.997,1.062,35.583,40.675,0.003,1.137,0.493,0.604,-5.542,3.122,1.127,1.098
2024-01-26 05:15:44.995225+00:00,2158.999,True,1.063,1.098,1.137,1.127,0.997,1.062,35.588,40.679,0.003,1.137,0.493,0.604,-5.545,3.12,1.127,1.098
2024-01-26 05:15:45.987175+00:00,2159.999,True,1.063,1.098,1.137,1.127,0.997,1.062,35.592,40.684,0.003,1.137,0.493,0.604,-5.545,3.12,1.127,1.098
2024-01-26 05:15:46.999500+00:00,2160.999,True,1.063,1.098,1.137,1.127,0.997,1.062,35.592,40.685,0.003,1.137,0.493,0.604,-5.54,3.125,1.127,1.098
2024-01-26 05:15:47.986850+00:00,2161.999,True,1.063,1.098,1.137,1.127,0.997,1.062,35.583,40.674,0.003,1.137,0.493,0.604,-5.546,3.118,1.127,1.098
