Date,TimeStamp,HK_id,PinPullerTemp,OpticsTemp,LEXIbaseTemp,HVsupplyTemp,+5.2V_Imon,+10V_Imon,+3.3V_Imon,AnodeVoltMon,+28V_Imon,ADC_Ground,Cmd_count,Pinpuller_Armed,Unused1,Unused2,HVmcpAuto,HVmcpMan,DeltaEvntCount,DeltaDroppedCount,DeltaLostEvntCount
2024-01-26 05:10:48.980100+00:00,1862.999,2.0,,,21.156,,,,,,,,,,,,,,1.0,0.0,0.0
2024-01-26 05:10:49.987900+00:00,1863.999,3.0,,,21.156,21.707,,,,,,,,,,,,,1.0,0.0,0.0
2024-01-26 05:10:50.979050+00:00,1864.999,4.0,,,21.156,21.707,66.898,,,,,,,,,,,,1.0,0.0,0.0
2024-01-26 05:10:51.987550+00:00,1865.999,5.0,,,21.156,21.707,66.898,0.152,,,,,,,,,,,1.0,0.0,0.0
2024-01-26 05:10:52.994750+00:00,1866.999,6.0,,,21.156,21.707,66.898,0.152,23.064,,,,,,,,,,1.0,0.0,0.0
2024-01-26 05:10:53.987250+00:00,1867.999,7.0,,,21.156,21.707,66.898,0.152,23.064,0.003,,,,,,,,,1.0,0.0,0.0
2024-01-26 05:10:54.994400+00:00,1868.999,8.0,,,21.156,21.707,66.898,0.152,23.064,0.003,43.527,,,,,,,,1.0,0.0,0.0
2024-01-26 05:10:55.986900+00:00,1869.999,9.0,,,21.156,21.707,66.898,0.152,23.064,0.003,43.527,0.0,,,,,,,1.0,0.0,0.0
2024-01-26 05:10:56.994725+00:00,1870.999,10.0,,,21.156,21.707,66.898,0.152,23.064,0.003,43.527,0.0,0.0,,,,,,1.0,0.0,0.0
2024-01-26 05:10:57.986575+00:00,1871.999,11.0,,,21.156,21.707,66.898,0.152,23.064,0.003,43.527,0.0,0.0,0.0,,,,,1.0,0.0,0.0
2024-01-26 05:10:58.993900+00:00,1872.999,0.0,20.936,,21.156,21.707,66.898,0.152,23.064,0.003,43.527,0.0,0.0,0.0,,,,,1.0,0.0,0.0
2024-01-26 05:10:59.986250+00:00,1873.999,1.0,20.936,-268.042,21.156,21.707,66.898,0.152,23.064,0.003,43.527,0.0,0.0,0.0,,,,,1.0,0.0,0.0
2024-01-26 05:11:00.993650+00:00,1874.999,2.0,20.936,-268.042,21.156,21.707,66.898,0.152,23.064,0.003,43.527,0.0,0.0,0.0,,,,,1.0,0.0,0.0
2024-01-26 05:11:01.985900+00:00,1875.999,3.0,20.936,-268.042,21.156,21.707,66.898,0.152,23.064,0.003,43.527,0.0,0.0,0.0,,,,,1.0,0.0,0.0
2024-01-26 05:11:02.993575+00:00,1876.999,4.0,20.936,-268.042,21.156,21.707,66.653,0.152,23.064,0.003,43.527,0.0,0.0,0.0,,,,,1.0,0.0,0.0
2024-01-26 05:11:03.985600+00:00,1877.999,5.0,20.936,-268.042,21.156,21.707,66.653,0.151,23.064,0.003,43.527,0.0,0.0,0.0,,,,,1.0,0.0,0.0
2024-01-26 05:11:04.993425+00:00,1878.999,6.0,20.936,-268.042,21.156,21.707,66.653,0.151,22.944,0.003,43.527,0.0,0.0,0.0,,,,,1.0,0.0,0.0
2024-01-26 05:11:05.985250+00:00,1879.999,7.0,20.936,-268.042,21.156,21.707,66.653,0.151,22.944,0.003,43.527,0.0,0.0,0.0,,,,,1.0,0.0,0.0
2024-01-26 05:11:06.993100+00:00,1880.999,8.0,20.936,-268.042,21.156,21.707,66.653,0.151,22.944,0.003,43.343,0.0,0.0,0.0,,,,,1.0,0.0,0.0
2024-01-26 05:11:07.984925+00:00,1881.999,9.0,20.936,-268.042,21.156,21.707,66.653,0.151,22.944,0.003,43.343,0.0,0.0,0.0,,,,,1.0,0.0,0.0
2024-01-26 05:11:08.992750+00:00,1882.999,10.0,20.936,-268.042,21.156,21.707,66.653,0.151,22.944,0.003,43.343,0.0,0.0,0.0,,,,,1.0,0.0,0.0
2024-01-26 05:11:09.984600+00:00,1883.999,11.0,20.936,-268.042,21.156,21.707,66.653,0.151,22.944,0.003,43.343,0.0,0.0,0.0,,,,,1.0,0.0,0.0
2024-01-26 05:11:10.992425+00:00,1884.999,0.0,20.936,-268.042,21.156,21.707,66.653,0.151,22.944,0.003,43.343,0.0,0.0,0.0,,,,,1.0,0.0,0.0
2024-01-26 05:11:11.984325+00:00,1885.999,1.0,20.936,-268.152,21.156,21.707,66.653,0.151,22.944,0.003,43.343,0.0,0.0,0.0,,,,,1.0,0.0,0.0
2024-01-26 05:11:12.992175+00:00,1886.999,2.0,20.936,-268.152,21.156,21.707,66.653,0.151,22.944,0.003,43.343,0.0,0.0,0.0,,,,,1.0,0.0,0.0
2024-01-26 05:11:13.984000+00:00,1887.999,3.0,20.936,-268.152,21.156,21.707,66.653,0.151,22.944,0.003,43.343,0.0,0.0,0.0,,,,,1.0,0.0,0.0
2024-01-26 05:11:14.991825+00:00,1888.999,4.0,20.936,-268.152,21.156,21.707,66.776,0.151,22.944,0.003,43.343,0.0,0.0,0.0,,,,,1.0,0.0,0.0
2024-01-26 05:11:15.983675+00:00,1889.999,5.0,20.936,-268.152,21.156,21.707,66.776,0.151,22.944,0.003,43.343,0.0,0.0,0.0,,,,,1.0,0.0,0.0
2024-01-26 05:11:16.991350+00:00,1890.999,6.0,20.936,-268.152,21.156,21.707,66.776,0.151,23.064,0.003,43.343,0.0,0.0,0.0,,,,,1.0,0.0,0.0
2024-01-26 05:11:17.983375+00:00,1891.999,7.0,20.936,-268.152,21.156,21.707,66.776,0.151,23.064,0.003,43.343,0.0,0.0,0.0,,,,,1.0,0.0,0.0
2024-01-26 05:11:18.991175+00:00,1892.999,8.0,20.936,-268.152,21.156,21.707,66.776,0.151,23.064,0.003,43.465,0.0,0.0,0.0,,,,,1.0,0.0,0.0
2024-01-26 05:11:19.983000+00:00,1893.999,9.0,20.936,-268.152,21.156,21.707,66.776,0.151,23.064,0.003,43.465,0.0,0.0,0.0,,,,,1.0,0.0,0.0
2024-01-26 05:11:20.990850+00:00,1894.999,10.0,20.936,-268.152,21.156,21.707,66.776,0.151,23.064,0.003,43.465,0.0,0.0,0.0,,,,,1.0,0.0,0.0
2024-01-26 05:11:21.982675+00:00,1895.999,11.0,20.936,-268.152,21.156,21.707,66.776,0.151,23.064,0.003,43.465,0.0,0.0,0.0,,,,,1.0,0.0,0.0
2024-01-26 05:11:22.990475+00:00,1896.999,0.0,20.936,-268.152,21.156,21.707,66.776,0.151,23.064,0.003,43.465,0.0,0.0,0.0,,,,,1.0,0.0,0.0
2024-01-26 05:11:23.982375+00:00,1897.999,1.0,20.936,-267.932,21.156,21.707,66.776,0.151,23.064,0.003,43.465,0.0,0.0,0.0,,,,,1.0,0.0,0.0
2024-01-26 05:11:24.990200+00:00,1898.999,2.0,20.936,-267.932,21.156,21.707,66.776,0.151,23.064,0.003,43.465,0.0,0.0,0.0,,,,,1.0,0.0,0.0
2024-01-26 05:11:25.982025+00:00,1899.999,3.0,20.936,-267.932,21.156,21.707,66.776,0.151,23.064,0.003,43.465,0.0,0.0,0.0,,,,,1.0,0.0,0.0
2024-01-26 05:11:26.989875+00:00,1900.999,4.0,20.936,-267.932,21.156,21.707,67.143,0.151,23.064,0.003,43.465,0.0,0.0,0.0,,,,,1.0,0.0,0.0
2024-01-26 05:11:27.981700+00:00,1901.999,5.0,20.936,-267.932,21.156,21.707,67.143,0.151,23.064,0.003,43.465,0.0,0.0,0.0,,,,,1.0,0.0,0.0
2024-01-26 05:11:28.989525+00:00,1902.999,6.0,20.936,-267.932,21.156,21.707,67.143,0.151,22.944,0.003,43.465,0.0,0.0,0.0,,,,,1.0,0.0,0.0
2024-01-26 05:11:29.981350+00:00,1903.999,7.0,20.936,-267.932,21.156,21.707,67.143,0.151,22.944,0.003,43.465,0.0,0.0,0.0,,,,,1.0,0.0,0.0
2024-01-26 05:11:30.988600+00:00,1904.999,8.0,20.936,-267.932,21.156,21.707,67.143,0.151,22.944,0.003,43.465,0.0,0.0,0.0,,,,,1.0,0.0,0.0
2024-01-26 05:11:31.980975+00:00,1905.999,9.0,20.936,-267.932,21.156,21.707,67.143,0.151,22.944,0.003,43.465,0.0,0.0,0.0,,,,,1.0,0.0,0.0
2024-01-26 05:11:32.988700+00:00,1906.999,10.0,20.936,-267.932,21.156,21.707,67.143,0.151,22.944,0.003,43.465,0.0,0.0,0.0,,,,,1.0,0.0,0.0
2024-01-26 05:11:33.980650+00:00,1907.999,11.0,20.936,-267.932,21.156,21.707,67.143,0.151,22.944,0.003,43.465,0.0,0.0,0.0,,,,,1.0,0.0,0.0
2024-01-26 05:11:34.988525+00:00,1908.999,0.0,20.936,-267.932,21.156,21.707,67.143,0.151,22.944,0.003,43.465,0.0,0.0,0.0,,,,,1.0,0.0,0.0
2024-01-26 05:11:35.980100+00:00,1909.999,1.0,20.936,-268.152,21.156,21.707,67.143,0.151,22.944,0.003,43.465,0.0,0.0,0.0,,,,,1.0,0.0,0.0
2024-01-26 05:11:36.988125+00:00,1910.999,2.0,20.936,-268.152,21.156,21.707,67.143,0.151,22.944,0.003,43.465,0.0,0.0,0.0,,,,,1.0,0.0,0.0
2024-01-26 05:11:37.979375+00:00,1911.999,3.0,20.936,-268.152,21.156,21.707,67.143,0.151,22.944,0.003,43.465,0.0,0.0,0.0,,,,,1.0,0.0,0.0
2024-01-26 05:11:38.987725+00:00,1912.999,4.0,20.936,-268.152,21.156,21.707,66.715,0.151,22.944,0.003,43.465,0.0,0.0,0.0,,,,,1.0,0.0,0.0
2024-01-26 05:11:39.995150+00:00,1913.999,5.0,20.936,-268.152,21.156,21.707,66.715,0.151,22.944,0.003,43.465,0.0,0.0,0.0,,,,,1.0,0.0,0.0
2024-01-26 05:11:40.988575+00:00,1914.999,6.0,20.936,-268.152,21.156,21.707,66.715,0.151,22.944,0.003,43.465,0.0,0.0,0.0,,,,,1.0,0.0,0.0
2024-01-26 05:11:41.995200+00:00,1915.999,7.0,20.936,-268.152,21.156,21.707,66.715,0.151,22.944,0.003,43.465,0.0,0.0,0.0,,,,,1.0,0.0,0.0
2024-01-26 05:11:42.987200+00:00,1916.999,8.0,20.936,-268.152,21.156,21.707,66.715,0.151,22.944,0.003,43.404,0.0,0.0,0.0,,,,,1.0,0.0,0.0
2024-01-26 05:11:43.994925+00:00,1917.999,9.0,20.936,-268.152,21.156,21.707,66.715,0.151,22.944,0.003,43.404,0.0,0.0,0.0,,,,,1.0,0.0,0.0
2024-01-26 05:11:44.986675+00:00,1918.999,10.0,20.936,-268.152,21.156,21.707,66.715,0.151,22.944,0.003,43.404,0.0,0.0,0.0,,,,,1.0,0.0,0.0
2024-01-26 05:11:45.994225+00:00,1919.999,11.0,20.936,-268.152,21.156,21.707,66.715,0.151,22.944,0.003,43.404,0.0,0.0,0.0,,,,,1.0,0.0,0.0
2024-01-26 05:11:46.985725+00:00,1920.999,0.0,20.936,-268.152,21.156,21.707,66.715,0.151,22.944,0.003,43.404,0.0,0.0,0.0,,,,,1.0,0.0,0.0
2024-01-26 05:11:47.993650+00:00,1921.999,1.0,20.936,-268.042,21.156,21.707,66.715,0.151,22.944,0.003,43.404,0.0,0.0,0.0,,,,,1.0,0.0,0.0
2024-01-26 05:11:48.985450+00:00,1922.999,2.0,20.936,-268.042,21.156,21.707,66.715,0.151,22.944,0.003,43.404,0.0,0.0,0.0,,,,,1.0,0.0,0.0
2024-01-26 05:11:49.993325+00:00,1923.999,3.0,20.936,-268.042,21.156,21.707,66.715,0.151,22.944,0.003,43.404,0.0,0.0,0.0,,,,,1.0,0.0,0.0
2024-01-26 05:11:50.985800+00:00,1924.999,4.0,20.936,-268.042,21.156,21.707,66.837,0.151,22.944,0.003,43.404,0.0,0.0,0.0,,,,,1.0,0.0,0.0
2024-01-26 05:11:51.993675+00:00,1925.999,5.0,20.936,-268.042,21.156,21.707,66.837,0.152,22.944,0.003,43.404,0.0,0.0,0.0,,,,,1.0,0.0,0.0
2024-01-26 05:11:52.985475+00:00,1926.999,6.0,20.936,-268.042,21.156,21.707,66.837,0.152,22.944,0.003,43.404,0.0,0.0,0.0,,,,,1.0,0.0,0.0
2024-01-26 05:11:53.993350+00:00,1927.999,7.0,20.936,-268.042,21.156,21.707,66.837,0.152,22.944,0.003,43.404,0.0,0.0,0.0,,,,,1.0,0.0,0.0
2024-01-26 05:11:54.985175+00:00,1928.999,8.0,20.936,-268.042,21.156,21.707,66.837,0.152,22.944,0.003,43.527,0.0,0.0,0.0,,,,,1.0,0.0,0.0
2024-01-26 05:11:55.993125+00:00,1929.999,9.0,20.936,-268.042,21.156,21.707,66.837,0.152,22.944,0.003,43.527,0.0,0.0,0.0,,,,,1.0,0.0,0.0
2024-01-26 05:11:56.984925+00:00,1930.999,10.0,20.936,-268.042,21.156,21.707,66.837,0.152,22.944,0.003,43.527,0.0,0.0,0.0,,,,,1.0,0.0,0.0
2024-01-26 05:11:57.992750+00:00,1931.999,11.0,20.936,-268.042,21.156,21.707,66.837,0.152,22.944,0.003,43.527,0.0,0.0,0.0,,,,,1.0,0.0,0.0
2024-01-26 05:11:58.984575+00:00,1932.999,0.0,20.936,-268.042,21.156,21.707,66.837,0.152,22.944,0.003,43.527,0.0,0.0,0.0,,,,,1.0,0.0,0.0
2024-01-26 05:11:59.992275+00:00,1933.999,1.0,20.936,-267.932,21.156,21.707,66.837,0.152,22.944,0.003,43.527,0.0,0.0,0.0,,,,,1.0,0.0,0.0
2024-01-26 05:12:00.983500+00:00,1934.999,2.0,20.936,-267.932,21.156,21.707,66.837,0.152,22.944,0.003,43.527,0.0,0.0,0.0,,,,,1.0,0.0,0.0
2024-01-26 05:12:01.991300+00:00,1935.999,3.0,20.936,-267.932,21.156,21.707,66.837,0.152,22.944,0.003,43.527,0.0,0.0,0.0,,,,,1.0,0.0,0.0
2024-01-26 05:12:02.983175+00:00,1936.999,4.0,20.936,-267.932,21.156,21.707,66.837,0.152,22.944,0.003,43.527,0.0,0.0,0.0,,,,,1.0,0.0,0.0
2024-01-26 05:12:03.990975+00:00,1937.999,5.0,20.936,-267.932,21.156,21.707,66.837,0.152,22.944,0.003,43.527,0.0,0.0,0.0,,,,,1.0,0.0,0.0
2024-01-26 05:12:04.982825+00:00,1938.999,6.0,20.936,-267.932,21.156,21.707,66.837,0.152,22.944,0.003,43.527,0.0,0.0,0.0,,,,,1.0,0.0,0.0
2024-01-26 05:12:05.990650+00:00,1939.999,7.0,20.936,-267.932,21.156,21.707,66.837,0.152,22.944,0.003,43.527,0.0,0.0,0.0,,,,,1.0,0.0,0.0
2024-01-26 05:12:06.982525+00:00,1940.999,8.0,20.936,-267.932,21.156,21.707,66.837,0.152,22.944,0.003,43.404,0.0,0.0,0.0,,,,,1.0,0.0,0.0
2024-01-26 05:12:07.990325+00:00,1941.999,9.0,20.936,-267.932,21.156,21.707,66.837,0.152,22.944,0.003,43.404,0.0,0.0,0.0,,,,,1.0,0.0,0.0
2024-01-26 05:12:08.982250+00:00,1942.999,10.0,20.936,-267.932,21.156,21.707,66.837,0.152,22.944,0.003,43.404,0.0,0.0,0.0,,,,,1.0,0.0,0.0
2024-01-26 05:12:09.989950+00:00,1943.999,11.0,20.936,-267.932,21.156,21.707,66.837,0.152,22.944,0.003,43.404,0.0,0.0,0.0,,,,,1.0,0.0,0.0
2024-01-26 05:12:10.981825+00:00,1944.999,0.0,20.936,-267.932,21.156,21.707,66.837,0.152,22.944,0.003,43.404,0.0,0.0,0.0,,,,,1.0,0.0,0.0
2024-01-26 05:12:11.989675+00:00,1945.999,1.0,20.936,-268.042,21.156,21.707,66.837,0.152,22.944,0.003,43.404,0.0,0.0,0.0,,,,,1.0,0.0,0.0
2024-01-26 05:12:12.982300+00:00,1946.999,2.0,20.936,-268.042,21.156,21.707,66.837,0.152,22.944,0.003,43.404,0.0,0.0,0.0,,,,,1.0,0.0,0.0
2024-01-26 05:12:13.990125+00:00,1947.999,3.0,20.936,-268.042,21.156,21.707,66.837,0.152,22.944,0.003,43.404,0.0,0.0,0.0,,,,,1.0,0.0,0.0
2024-01-26 05:12:14.981800+00:00,1948.999,4.0,20.936,-268.042,21.156,21.707,67.204,0.152,22.944,0.003,43.404,0.0,0.0,0.0,,,,,1.0,0.0,0.0
2024-01-26 05:12:15.989800+00:00,1949.999,5.0,20.936,-268.042,21.156,21.707,67.204,0.151,22.944,0.003,43.404,0.0,0.0,0.0,,,,,1.0,0.0,0.0
2024-01-26 05:12:16.981600+00:00,1950.999,6.0,20.936,-268.042,21.156,21.707,67.204,0.151,23.064,0.003,43.404,0.0,0.0,0.0,,,,,1.0,0.0,0.0
2024-01-26 05:12:17.989475+00:00,1951.999,7.0,20.936,-268.042,21.156,21.707,67.204,0.151,23.064,0.003,43.404,0.0,0.0,0.0,,,,,1.0,0.0,0.0
2024-01-26 05:12:18.981300+00:00,1952.999,8.0,20.936,-268.042,21.156,21.707,67.204,0.151,23.064,0.003,43.343,0.0,0.0,0.0,,,,,1.0,0.0,0.0
2024-01-26 05:12:19.988675+00:00,1953.999,9.0,20.936,-268.042,21.156,21.707,67.204,0.151,23.064,0.003,43.343,0.0,0.0,0.0,,,,,1.0,0.0,0.0
2024-01-26 05:12:20.980900+00:00,1954.999,10.0,20.936,-268.042,21.156,21.707,67.204,0.151,23.064,0.003,43.343,0.0,0.0,0.0,,,,,1.0,0.0,0.0
2024-01-26 05:12:21.988575+00:00,1955.999,11.0,20.936,-268.042,21.156,21.707,67.204,0.151,23.064,0.003,43.343,0.0,0.0,0.0,,,,,1.0,0.0,0.0
2024-01-26 05:12:22.979875+00:00,1956.999,0.0,20.936,-268.042,21.156,21.707,67.204,0.151,23.064,0.003,43.343,0.0,0.0,0.0,,,,,1.0,0.0,0.0
2024-01-26 05:12:23.987700+00:00,1957.999,1.0,20.936,-268.042,21.156,21.707,67.204,0.151,23.064,0.003,43.343,0.0,0.0,0.0,,,,,1.0,0.0,0.0
2024-01-26 05:12:24.979525+00:00,1958.999,2.0,20.936,-268.042,21.156,21.707,67.204,0.151,23.064,0.003,43.343,0.0,0.0,0.0,,,,,1.0,0.0,0.0
2024-01-26 05:12:25.987375+00:00,1959.999,3.0,20.936,-268.042,21.156,21.707,67.204,0.151,23.064,0.003,43.343,0.0,0.0,0.0,,,,,1.0,0.0,0.0
2024-01-26 05:12:26.995225+00:00,1960.999,4.0,20.936,-268.042,21.156,21.707,67.204,0.151,23.064,0.003,43.343,0.0,0.0,0.0,,,,,1.0,0.0,0.0
2024-01-26 05:12:27.987025+00:00,1961.999,5.0,20.936,-268.042,21.156,21.707,67.204,0.151,23.064,0.003,43.343,0.0,0.0,0.0,,,,,1.0,0.0,0.0
2024-01-26 05:12:28.994875+00:00,1962.999,6.0,20.936,-268.042,21.156,21.707,67.204,0.151,23.064,0.003,43.343,0.0,0.0,0.0,,,,,1.0,0.0,0.0
2024-01-26 05:12:29.986700+00:00,1963.999,7.0,20.936,-268.042,21.156,21.707,67.204,0.151,23.064,0.003,43.343,0.0,0.0,0.0,,,,,1.0,0.0,0.0
2024-01-26 05:12:30.994525+00:00,1964.999,8.0,20.936,-268.042,21.156,21.707,67.204,0.151,23.064,0.003,43.465,0.0,0.0,0.0,,,,,1.0,0.0,0.0
2024-01-26 05:12:31.986425+00:00,1965.999,9.0,20.936,-268.042,21.156,21.707,67.204,0.151,23.064,0.003,43.465,0.0,0.0,0.0,,,,,1.0,0.0,0.0
2024-01-26 05:12:32.994175+00:00,1966.999,10.0,20.936,-268.042,21.156,21.707,67.204,0.151,23.064,0.003,43.465,0.0,0.0,0.0,,,,,1.0,0.0,0.0
2024-01-26 05:12:33.986050+00:00,1967.999,11.0,20.936,-268.042,21.156,21.707,67.204,0.151,23.064,0.003,43.465,0.0,0.0,0.0,,,,,1.0,0.0,0.0
2024-01-26 05:12:34.993900+00:00,1968.999,0.0,20.936,-268.042,21.156,21.707,67.204,0.151,23.064,0.003,43.465,0.0,0.0,0.0,,,,,1.0,0.0,0.0
2024-01-26 05:12:35.985725+00:00,1969.999,1.0,20.936,-268.042,21.156,21.707,67.204,0.151,23.064,0.003,43.465,0.0,0.0,0.0,,,,,1.0,0.0,0.0
2024-01-26 05:12:36.993575+00:00,1970.999,2.0,20.936,-268.042,21.156,21.707,67.204,0.151,23.064,0.003,43.465,0.0,0.0,0.0,,,,,1.0,0.0,0.0
2024-01-26 05:12:37.985400+00:00,1971.999,3.0,20.936,-268.042,21.156,21.707,67.204,0.151,23.064,0.003,43.465,0.0,0.0,0.0,,,,,1.0,0.0,0.0
2024-01-26 05:12:38.993200+00:00,1972.999,4.0,20.936,-268.042,21.156,21.707,67.327,0.151,23.064,0.003,43.465,0.0,0.0,0.0,,,,,1.0,0.0,0.0
2024-01-26 05:12:39.985050+00:00,1973.999,5.0,20.936,-268.042,21.156,21.707,67.327,0.152,23.064,0.003,43.465,0.0,0.0,0.0,,,,,1.0,0.0,0.0
2024-01-26 05:12:40.992875+00:00,1974.999,6.0,20.936,-268.042,21.156,21.707,67.327,0.152,22.944,0.003,43.465,0.0,0.0,0.0,,,,,1.0,0.0,0.0
2024-01-26 05:12:41.984725+00:00,1975.999,7.0,20.936,-268.042,21.156,21.707,67.327,0.152,22.944,0.003,43.465,0.0,0.0,0.0,,,,,1.0,0.0,0.0
2024-01-26 05:12:42.992550+00:00,1976.999,8.0,20.936,-268.042,21.156,21.707,67.327,0.152,22.944,0.003,43.465,0.0,0.0,0.0,,,,,1.0,0.0,0.0
2024-01-26 05:12:43.984425+00:00,1977.999,9.0,20.936,-268.042,21.156,21.707,67.327,0.152,22.944,0.003,43.465,0.0,0.0,0.0,,,,,1.0,0.0,0.0
2024-01-26 05:12:44.992275+00:00,1978.999,10.0,20.936,-268.042,21.156,21.707,67.327,0.152,22.944,0.003,43.465,0.0,0.0,0.0,,,,,1.0,0.0,0.0
2024-01-26 05:12:45.984050+00:00,1979.999,11.0,20.936,-268.042,21.156,21.707,67.327,0.152,22.944,0.003,43.465,0.0,0.0,0.0,,,,,1.0,0.0,0.0
2024-01-26 05:12:46.991875+00:00,1980.999,0.0,20.936,-268.042,21.156,21.707,67.327,0.152,22.944,0.003,43.465,0.0,0.0,0.0,,,,,1.0,0.0,0.0
2024-01-26 05:12:47.983750+00:00,1981.999,1.0,20.936,-268.152,21.156,21.707,67.327,0.152,22.944,0.003,43.465,0.0,0.0,0.0,,,,,1.0,0.0,0.0
2024-01-26 05:12:48.991650+00:00,1982.999,2.0,20.936,-268.152,21.156,21.707,67.327,0.152,22.944,0.003,43.465,0.0,0.0,0.0,,,,,1.0,0.0,0.0
2024-01-26 05:12:49.983425+00:00,1983.999,3.0,20.936,-268.152,21.156,21.817,67.327,0.152,22.944,0.003,43.465,0.0,0.0,0.0,,,,,1.0,0.0,0.0
2024-01-26 05:12:50.991250+00:00,1984.999,4.0,20.936,-268.152,21.156,21.817,66.959,0.152,22.944,0.003,43.465,0.0,0.0,0.0,,,,,1.0,0.0,0.0
2024-01-26 05:12:51.983050+00:00,1985.999,5.0,20.936,-268.152,21.156,21.817,66.959,0.151,22.944,0.003,43.465,0.0,0.0,0.0,,,,,1.0,0.0,0.0
2024-01-26 05:12:52.990925+00:00,1986.999,6.0,20.936,-268.152,21.156,21.817,66.959,0.151,23.064,0.003,43.465,0.0,0.0,0.0,,,,,1.0,0.0,0.0
2024-01-26 05:12:53.982700+00:00,1987.999,7.0,20.936,-268.152,21.156,21.817,66.959,0.151,23.064,0.003,43.465,0.0,0.0,0.0,,,,,1.0,0.0,0.0
2024-01-26 05:12:54.990575+00:00,1988.999,8.0,20.936,-268.152,21.156,21.817,66.959,0.151,23.064,0.003,43.527,0.0,0.0,0.0,,,,,1.0,0.0,0.0
2024-01-26 05:12:55.982425+00:00,1989.999,9.0,20.936,-268.152,21.156,21.817,66.959,0.151,23.064,0.003,43.527,0.0,0.0,0.0,,,,,1.0,0.0,0.0
2024-01-26 05:12:56.990250+00:00,1990.999,10.0,20.936,-268.152,21.156,21.817,66.959,0.151,23.064,0.003,43.527,0.0,0.0,0.0,,,,,1.0,0.0,0.0
2024-01-26 05:12:57.982100+00:00,1991.999,11.0,20.936,-268.152,21.156,21.817,66.959,0.151,23.064,0.003,43.527,0.0,0.0,0.0,,,,,1.0,0.0,0.0
2024-01-26 05:12:58.989925+00:00,1992.999,0.0,20.936,-268.152,21.156,21.817,66.959,0.151,23.064,0.003,43.527,0.0,0.0,0.0,,,,,1.0,0.0,0.0
2024-01-26 05:12:59.981775+00:00,1993.999,1.0,20.936,-267.822,21.156,21.817,66.959,0.151,23.064,0.003,43.527,0.0,0.0,0.0,,,,,1.0,0.0,0.0
2024-01-26 05:13:00.989600+00:00,1994.999,2.0,20.936,-267.822,21.156,21.817,66.959,0.151,23.064,0.003,43.527,0.0,0.0,0.0,,,,,1.0,0.0,0.0
2024-01-26 05:13:01.981425+00:00,1995.999,3.0,20.936,-267.822,21.156,21.817,66.959,0.151,23.064,0.003,43.527,0.0,0.0,0.0,,,,,1.0,0.0,0.0
2024-01-26 05:13:02.989275+00:00,1996.999,4.0,20.936,-267.822,21.156,21.817,66.959,0.151,23.064,0.003,43.527,0.0,0.0,0.0,,,,,1.0,0.0,0.0
2024-01-26 05:13:03.981100+00:00,1997.999,5.0,20.936,-267.822,21.156,21.817,66.959,0.152,23.064,0.003,43.527,0.0,0.0,0.0,,,,,1.0,0.0,0.0
2024-01-26 05:13:04.988950+00:00,1998.999,6.0,20.936,-267.822,21.156,21.817,66.959,0.152,22.944,0.003,43.527,0.0,0.0,0.0,,,,,1.0,0.0,0.0
2024-01-26 05:13:05.980775+00:00,1999.999,7.0,20.936,-267.822,21.156,21.817,66.959,0.152,22.944,0.003,43.527,0.0,0.0,0.0,,,,,1.0,0.0,0.0
2024-01-26 05:13:06.988600+00:00,2000.999,8.0,20.936,-267.822,21.156,21.817,66.959,0.152,22.944,0.003,43.527,0.0,0.0,0.0,,,,,1.0,0.0,0.0
2024-01-26 05:13:07.980450+00:00,2001.999,9.0,20.936,-267.822,21.156,21.817,66.959,0.152,22.944,0.003,43.527,0.0,0.0,0.0,,,,,1.0,0.0,0.0
2024-01-26 05:13:08.988275+00:00,2002.999,10.0,20.936,-267.822,21.156,21.817,66.959,0.152,22.944,0.003,43.527,0.0,0.0,0.0,,,,,1.0,0.0,0.0
2024-01-26 05:13:09.980050+00:00,2003.999,11.0,20.936,-267.822,21.156,21.817,66.959,0.152,22.944,0.003,43.527,0.0,0.0,0.0,,,,,1.0,0.0,0.0
2024-01-26 05:13:10.987950+00:00,2004.999,0.0,20.936,-267.822,21.156,21.817,66.959,0.152,22.944,0.003,43.527,0.0,0.0,0.0,,,,,1.0,0.0,0.0
2024-01-26 05:13:11.979975+00:00,2005.999,1.0,20.936,-268.152,21.156,21.817,66.959,0.152,22.944,0.003,43.527,0.0,0.0,0.0,,,,,1.0,0.0,0.0
2024-01-26 05:13:12.988500+00:00,2006.999,2.0,20.936,-268.152,21.156,21.817,66.959,0.152,22.944,0.003,43.527,0.0,0.0,0.0,,,,,1.0,0.0,0.0
2024-01-26 05:13:13.996150+00:00,2007.999,3.0,20.936,-268.152,21.156,21.817,66.959,0.152,22.944,0.003,43.527,0.0,0.0,0.0,,,,,1.0,0.0,0.0
2024-01-26 05:13:14.987900+00:00,2008.999,4.0,20.936,-268.152,21.156,21.817,66.653,0.152,22.944,0.003,43.527,0.0,0.0,0.0,,,,,1.0,0.0,0.0
2024-01-26 05:13:15.995900+00:00,2009.999,5.0,20.936,-268.152,21.156,21.817,66.653,0.151,22.944,0.003,43.527,0.0,0.0,0.0,,,,,1.0,0.0,0.0
2024-01-26 05:13:16.987725+00:00,2010.999,6.0,20.936,-268.152,21.156,21.817,66.653,0.151,23.064,0.003,43.527,0.0,0.0,0.0,,,,,1.0,0.0,0.0
2024-01-26 05:13:17.995575+00:00,2011.999,7.0,20.936,-268.152,21.156,21.817,66.653,0.151,23.064,0.003,43.527,0.0,0.0,0.0,,,,,1.0,0.0,0.0
2024-01-26 05:13:18.987400+00:00,2012.999,8.0,20.936,-268.152,21.156,21.817,66.653,0.151,23.064,0.003,43.404,0.0,0.0,0.0,,,,,1.0,0.0,0.0
2024-01-26 05:13:19.994550+00:00,2013.999,9.0,20.936,-268.152,21.156,21.817,66.653,0.151,23.064,0.003,43.404,0.0,0.0,0.0,,,,,1.0,0.0,0.0
2024-01-26 05:13:20.987075+00:00,2014.999,10.0,20.936,-268.152,21.156,21.817,66.653,0.151,23.064,0.003,43.404,0.0,0.0,0.0,,,,,1.0,0.0,0.0
2024-01-26 05:13:21.994900+00:00,2015.999,11.0,20.936,-268.152,21.156,21.817,66.653,0.151,23.064,0.003,43.404,0.0,0.0,0.0,,,,,1.0,0.0,0.0
2024-01-26 05:13:22.986750+00:00,2016.999,0.0,20.936,-268.152,21.156,21.817,66.653,0.151,23.064,0.003,43.404,0.0,0.0,0.0,,,,,1.0,0.0,0.0
2024-01-26 05:13:23.993975+00:00,2017.999,1.0,20.936,-267.932,21.156,21.817,66.653,0.151,23.064,0.003,43.404,0.0,0.0,0.0,,,,,1.0,0.0,0.0
2024-01-26 05:13:24.986325+00:00,2018.999,2.0,20.936,-267.932,21.156,21.817,66.653,0.151,23.064,0.003,43.404,0.0,0.0,0.0,,,,,1.0,0.0,0.0
2024-01-26 05:13:25.994325+00:00,2019.999,3.0,20.936,-267.932,21.156,21.707,66.653,0.151,23.064,0.003,43.404,0.0,0.0,0.0,,,,,1.0,0.0,0.0
2024-01-26 05:13:26.986000+00:00,2020.999,4.0,20.936,-267.932,21.156,21.707,66.776,0.151,23.064,0.003,43.404,0.0,0.0,0.0,,,,,1.0,0.0,0.0
2024-01-26 05:13:27.993850+00:00,2021.999,5.0,20.936,-267.932,21.156,21.707,66.776,0.152,23.064,0.003,43.404,0.0,0.0,0.0,,,,,1.0,0.0,0.0
2024-01-26 05:13:28.985675+00:00,2022.999,6.0,20.936,-267.932,21.156,21.707,66.776,0.152,22.944,0.003,43.404,0.0,0.0,0.0,,,,,1.0,0.0,0.0
2024-01-26 05:13:29.993600+00:00,2023.999,7.0,20.936,-267.932,21.156,21.707,66.776,0.152,22.944,0.003,43.404,0.0,0.0,0.0,,,,,1.0,0.0,0.0
2024-01-26 05:13:30.985350+00:00,2024.999,8.0,20.936,-267.932,21.156,21.707,66.776,0.152,22.944,0.003,43.281,0.0,0.0,0.0,,,,,1.0,0.0,0.0
2024-01-26 05:13:31.993025+00:00,2025.999,9.0,20.936,-267.932,21.156,21.707,66.776,0.152,22.944,0.003,43.281,0.0,0.0,0.0,,,,,1.0,0.0,0.0
2024-01-26 05:13:32.984875+00:00,2026.999,10.0,20.936,-267.932,21.156,21.707,66.776,0.152,22.944,0.003,43.281,0.0,0.0,0.0,,,,,1.0,0.0,0.0
2024-01-26 05:13:33.992800+00:00,2027.999,11.0,20.936,-267.932,21.156,21.707,66.776,0.152,22.944,0.003,43.281,0.0,0.0,0.0,,,,,1.0,0.0,0.0
2024-01-26 05:13:34.984600+00:00,2028.999,0.0,20.936,-267.932,21.156,21.707,66.776,0.152,22.944,0.003,43.281,0.0,0.0,0.0,,,,,1.0,0.0,0.0
2024-01-26 05:13:35.991775+00:00,2029.999,1.0,20.936,-268.042,21.156,21.707,66.776,0.152,22.944,0.003,43.281,0.0,0.0,0.0,,,,,1.0,0.0,0.0
2024-01-26 05:13:36.983650+00:00,2030.999,2.0,20.936,-268.042,21.156,21.707,66.776,0.152,22.944,0.003,43.281,0.0,0.0,0.0,,,,,1.0,0.0,0.0
2024-01-26 05:13:37.991475+00:00,2031.999,3.0,20.936,-268.042,21.156,21.817,66.776,0.152,22.944,0.003,43.281,0.0,0.0,0.0,,,,,1.0,0.0,0.0
2024-01-26 05:13:38.984100+00:00,2032.999,4.0,20.936,-268.042,21.156,21.817,67.021,0.152,22.944,0.003,43.281,0.0,0.0,0.0,,,,,1.0,0.0,0.0
2024-01-26 05:13:39.991925+00:00,2033.999,5.0,20.936,-268.042,21.156,21.817,67.021,0.151,22.944,0.003,43.281,0.0,0.0,0.0,,,,,1.0,0.0,0.0
2024-01-26 05:13:40.983750+00:00,2034.999,6.0,20.936,-268.042,21.156,21.817,67.021,0.151,22.944,0.003,43.281,0.0,0.0,0.0,,,,,1.0,0.0,0.0
2024-01-26 05:13:41.991600+00:00,2035.999,7.0,20.936,-268.042,21.156,21.817,67.021,0.151,22.944,0.003,43.281,0.0,0.0,0.0,,,,,1.0,0.0,0.0
2024-01-26 05:13:42.983425+00:00,2036.999,8.0,20.936,-268.042,21.156,21.817,67.021,0.151,22.944,0.003,43.465,0.0,0.0,0.0,,,,,1.0,0.0,0.0
2024-01-26 05:13:43.991175+00:00,2037.999,9.0,20.936,-268.042,21.156,21.817,67.021,0.151,22.944,0.003,43.465,0.0,0.0,0.0,,,,,1.0,0.0,0.0
2024-01-26 05:13:44.983100+00:00,2038.999,10.0,20.936,-268.042,21.156,21.817,67.021,0.151,22.944,0.003,43.465,0.0,0.0,0.0,,,,,1.0,0.0,0.0
2024-01-26 05:13:45.990950+00:00,2039.999,11.0,20.936,-268.042,21.156,21.817,67.021,0.151,22.944,0.003,43.465,0.0,0.0,0.0,,,,,1.0,0.0,0.0
2024-01-26 05:13:46.982800+00:00,2040.999,0.0,20.826,-268.042,21.156,21.817,67.021,0.151,22.944,0.003,43.465,0.0,0.0,0.0,,,,,1.0,0.0,0.0
2024-01-26 05:13:47.990450+00:00,2041.999,1.0,20.826,-268.042,21.156,21.817,67.021,0.151,22.944,0.003,43.465,0.0,0.0,0.0,,,,,1.0,0.0,0.0
2024-01-26 05:13:48.982450+00:00,2042.999,2.0,20.826,-268.042,21.156,21.817,67.021,0.151,22.944,0.003,43.465,0.0,0.0,0.0,,,,,1.0,0.0,0.0
2024-01-26 05:13:49.990275+00:00,2043.999,3.0,20.826,-268.042,21.156,21.817,67.021,0.151,22.944,0.003,43.465,0.0,0.0,0.0,,,,,1.0,0.0,0.0
2024-01-26 05:13:50.981950+00:00,2044.999,4.0,20.826,-268.042,21.156,21.817,66.959,0.151,22.944,0.003,43.465,0.0,0.0,0.0,,,,,1.0,0.0,0.0
2024-01-26 05:13:51.989775+00:00,2045.999,5.0,20.826,-268.042,21.156,21.817,66.959,0.152,22.944,0.003,43.465,0.0,0.0,0.0,,,,,1.0,0.0,0.0
2024-01-26 05:13:52.981600+00:00,2046.999,6.0,20.826,-268.042,21.156,21.817,66.959,0.152,22.944,0.003,43.465,0.0,0.0,0.0,,,,,1.0,0.0,0.0
2024-01-26 05:13:53.989600+00:00,2047.999,7.0,20.826,-268.042,21.156,21.817,66.959,0.152,22.944,0.003,43.465,0.0,0.0,0.0,,,,,1.0,0.0,0.0
2024-01-26 05:13:54.980725+00:00,2048.999,8.0,20.826,-268.042,21.156,21.817,66.959,0.152,22.944,0.003,43.343,0.0,0.0,0.0,,,,,1.0,0.0,0.0
2024-01-26 05:13:55.988625+00:00,2049.999,9.0,20.826,-268.042,21.156,21.817,66.959,0.152,22.944,0.003,43.343,0.0,0.0,0.0,,,,,1.0,0.0,0.0
2024-01-26 05:13:56.980375+00:00,2050.999,10.0,20.826,-268.042,21.156,21.817,66.959,0.152,22.944,0.003,43.343,0.0,0.0,0.0,,,,,1.0,0.0,0.0
2024-01-26 05:13:57.988650+00:00,2051.999,11.0,20.826,-268.042,21.156,21.817,66.959,0.152,22.944,0.003,43.343,0.0,0.0,0.0,,,,,1.0,0.0,0.0
2024-01-26 05:13:58.980150+00:00,2052.999,0.0,20.936,-268.042,21.156,21.817,66.959,0.152,22.944,0.003,43.343,0.0,0.0,0.0,,,,,1.0,0.0,0.0
2024-01-26 05:13:59.988625+00:00,2053.999,1.0,20.936,-267.932,21.156,21.817,66.959,0.152,22.944,0.003,43.343,0.0,0.0,0.0,,,,,1.0,0.0,0.0
2024-01-26 05:14:00.996350+00:00,2054.999,2.0,20.936,-267.932,21.156,21.817,66.959,0.152,22.944,0.003,43.343,0.0,0.0,0.0,,,,,1.0,0.0,0.0
2024-01-26 05:14:01.988150+00:00,2055.999,3.0,20.936,-267.932,21.156,21.817,66.959,0.152,22.944,0.003,43.343,0.0,0.0,0.0,,,,,1.0,0.0,0.0
2024-01-26 05:14:02.995525+00:00,2056.999,4.0,20.936,-267.932,21.156,21.817,66.776,0.152,22.944,0.003,43.343,0.0,0.0,0.0,,,,,1.0,0.0,0.0
2024-01-26 05:14:03.987900+00:00,2057.999,5.0,20.936,-267.932,21.156,21.817,66.776,0.152,22.944,0.003,43.343,0.0,0.0,0.0,,,,,1.0,0.0,0.0
2024-01-26 05:14:04.995850+00:00,2058.999,6.0,20.936,-267.932,21.156,21.817,66.776,0.152,22.944,0.003,43.343,0.0,0.0,0.0,,,,,1.0,0.0,0.0
2024-01-26 05:14:05.987650+00:00,2059.999,7.0,20.936,-267.932,21.156,21.817,66.776,0.152,22.944,0.003,43.343,0.0,0.0,0.0,,,,,1.0,0.0,0.0
2024-01-26 05:14:06.994800+00:00,2060.999,8.0,20.936,-267.932,21.156,21.817,66.776,0.152,22.944,0.003,43.281,0.0,0.0,0.0,,,,,1.0,0.0,0.0
2024-01-26 05:14:07.987250+00:00,2061.999,9.0,20.936,-267.932,21.156,21.817,66.776,0.152,22.944,0.003,43.281,0.0,0.0,0.0,,,,,1.0,0.0,0.0
2024-01-26 05:14:08.994575+00:00,2062.999,10.0,20.936,-267.932,21.156,21.817,66.776,0.152,22.944,0.003,43.281,0.0,0.0,0.0,,,,,1.0,0.0,0.0
2024-01-26 05:14:09.986900+00:00,2063.999,11.0,20.936,-267.932,21.156,21.817,66.776,0.152,22.944,0.003,43.281,0.0,0.0,0.0,,,,,1.0,0.0,0.0
2024-01-26 05:14:10.994925+00:00,2064.999,0.0,20.936,-267.932,21.156,21.817,66.776,0.152,22.944,0.003,43.281,0.0,0.0,0.0,,,,,1.0,0.0,0.0
2024-01-26 05:14:11.986675+00:00,2065.999,1.0,20.936,-267.932,21.156,21.817,66.776,0.152,22.944,0.003,43.281,0.0,0.0,0.0,,,,,1.0,0.0,0.0
2024-01-26 05:14:12.994575+00:00,2066.999,2.0,20.936,-267.932,21.156,21.817,66.776,0.152,22.944,0.003,43.281,0.0,0.0,0.0,,,,,1.0,0.0,0.0
2024-01-26 05:14:13.986350+00:00,2067.999,3.0,20.936,-267.932,21.156,21.817,66.776,0.152,22.944,0.003,43.281,0.0,0.0,0.0,,,,,1.0,0.0,0.0
2024-01-26 05:14:14.994050+00:00,2068.999,4.0,20.936,-267.932,21.156,21.817,66.592,0.152,22.944,0.003,43.281,0.0,0.0,0.0,,,,,1.0,0.0,0.0
2024-01-26 05:14:15.985300+00:00,2069.999,5.0,20.936,-267.932,21.156,21.817,66.592,0.152,22.944,0.003,43.281,0.0,0.0,0.0,,,,,1.0,0.0,0.0
2024-01-26 05:14:16.993800+00:00,2070.999,6.0,20.936,-267.932,21.156,21.817,66.592,0.152,22.944,0.003,43.281,0.0,0.0,0.0,,,,,1.0,0.0,0.0
2024-01-26 05:14:17.985500+00:00,2071.999,7.0,20.936,-267.932,21.156,21.817,66.592,0.152,22.944,0.003,43.281,0.0,0.0,0.0,,,,,1.0,0.0,0.0
2024-01-26 05:14:18.993575+00:00,2072.999,8.0,20.936,-267.932,21.156,21.817,66.592,0.152,22.944,0.003,43.527,0.0,0.0,0.0,,,,,1.0,0.0,0.0
2024-01-26 05:14:19.985350+00:00,2073.999,9.0,20.936,-267.932,21.156,21.817,66.592,0.152,22.944,0.003,43.527,0.0,0.0,0.0,,,,,1.0,0.0,0.0
2024-01-26 05:14:20.993200+00:00,2074.999,10.0,20.936,-267.932,21.156,21.817,66.592,0.152,22.944,0.003,43.527,0.0,0.0,0.0,,,,,1.0,0.0,0.0
2024-01-26 05:14:21.984250+00:00,2075.999,11.0,20.936,-267.932,21.156,21.817,66.592,0.152,22.944,0.003,43.527,0.0,0.0,0.0,,,,,1.0,0.0,0.0
2024-01-26 05:14:22.992100+00:00,2076.999,0.0,20.936,-267.932,21.156,21.817,66.592,0.152,22.944,0.003,43.527,0.0,0.0,0.0,,,,,1.0,0.0,0.0
2024-01-26 05:14:23.983950+00:00,2077.999,1.0,20.936,-268.152,21.156,21.817,66.592,0.152,22.944,0.003,43.527,0.0,0.0,0.0,,,,,1.0,0.0,0.0
2024-01-26 05:14:24.991750+00:00,2078.999,2.0,20.936,-268.152,21.046,21.817,66.592,0.152,22.944,0.003,43.527,0.0,0.0,0.0,,,,,1.0,0.0,0.0
2024-01-26 05:14:25.983625+00:00,2079.999,3.0,20.936,-268.152,21.046,21.707,66.592,0.152,22.944,0.003,43.527,0.0,0.0,0.0,,,,,1.0,0.0,0.0
2024-01-26 05:14:26.991375+00:00,2080.999,4.0,20.936,-268.152,21.046,21.707,66.592,0.152,22.944,0.003,43.527,0.0,0.0,0.0,,,,,1.0,0.0,0.0
2024-01-26 05:14:27.983275+00:00,2081.999,5.0,20.936,-268.152,21.046,21.707,66.592,0.151,22.944,0.003,43.527,0.0,0.0,0.0,,,,,1.0,0.0,0.0
2024-01-26 05:14:28.991100+00:00,2082.999,6.0,20.936,-268.152,21.046,21.707,66.592,0.151,22.944,0.003,43.527,0.0,0.0,0.0,,,,,1.0,0.0,0.0
2024-01-26 05:14:29.982925+00:00,2083.999,7.0,20.936,-268.152,21.046,21.707,66.592,0.151,22.944,0.003,43.527,0.0,0.0,0.0,,,,,1.0,0.0,0.0
2024-01-26 05:14:30.990725+00:00,2084.999,8.0,20.936,-268.152,21.046,21.707,66.592,0.151,22.944,0.003,43.465,0.0,0.0,0.0,,,,,1.0,0.0,0.0
2024-01-26 05:14:31.982625+00:00,2085.999,9.0,20.936,-268.152,21.046,21.707,66.592,0.151,22.944,0.003,43.465,0.0,0.0,0.0,,,,,1.0,0.0,0.0
2024-01-26 05:14:32.990450+00:00,2086.999,10.0,20.936,-268.152,21.046,21.707,66.592,0.151,22.944,0.003,43.465,0.0,0.0,0.0,,,,,1.0,0.0,0.0
2024-01-26 05:14:33.982300+00:00,2087.999,11.0,20.936,-268.152,21.046,21.707,66.592,0.151,22.944,0.003,43.465,0.0,0.0,0.0,,,,,1.0,0.0,0.0
2024-01-26 05:14:34.990125+00:00,2088.999,0.0,20.936,-268.152,21.046,21.707,66.592,0.151,22.944,0.003,43.465,0.0,0.0,0.0,,,,,1.0,0.0,0.0
2024-01-26 05:14:35.981975+00:00,2089.999,1.0,20.936,-267.932,21.046,21.707,66.592,0.151,22.944,0.003,43.465,0.0,0.0,0.0,,,,,1.0,0.0,0.0
2024-01-26 05:14:36.989800+00:00,2090.999,2.0,20.936,-267.932,21.156,21.707,66.592,0.151,22.944,0.003,43.465,0.0,0.0,0.0,,,,,1.0,0.0,0.0
2024-01-26 05:14:37.981575+00:00,2091.999,3.0,20.936,-267.932,21.156,21.817,66.592,0.151,22.944,0.003,43.465,0.0,0.0,0.0,,,,,1.0,0.0,0.0
2024-01-26 05:14:38.989425+00:00,2092.999,4.0,20.936,-267.932,21.156,21.817,66.959,0.151,22.944,0.003,43.465,0.0,0.0,0.0,,,,,1.0,0.0,0.0
2024-01-26 05:14:39.981300+00:00,2093.999,5.0,20.936,-267.932,21.156,21.817,66.959,0.152,22.944,0.003,43.465,0.0,0.0,0.0,,,,,1.0,0.0,0.0
2024-01-26 05:14:40.989100+00:00,2094.999,6.0,20.936,-267.932,21.156,21.817,66.959,0.152,22.944,0.003,43.465,0.0,0.0,0.0,,,,,1.0,0.0,0.0
2024-01-26 05:14:41.980975+00:00,2095.999,7.0,20.936,-267.932,21.156,21.817,66.959,0.152,22.944,0.003,43.465,0.0,0.0,0.0,,,,,1.0,0.0,0.0
2024-01-26 05:14:42.988800+00:00,2096.999,8.0,20.936,-267.932,21.156,21.817,66.959,0.152,22.944,0.003,43.465,0.0,0.0,0.0,,,,,1.0,0.0,0.0
2024-01-26 05:14:43.980650+00:00,2097.999,9.0,20.936,-267.932,21.156,21.817,66.959,0.152,22.944,0.003,43.465,0.0,0.0,0.0,,,,,1.0,0.0,0.0
2024-01-26 05:14:44.988525+00:00,2098.999,10.0,20.936,-267.932,21.156,21.817,66.959,0.152,22.944,0.003,43.465,0.0,0.0,0.0,,,,,1.0,0.0,0.0
2024-01-26 05:14:45.980300+00:00,2099.999,11.0,20.936,-267.932,21.156,21.817,66.959,0.152,22.944,0.003,43.465,0.0,0.0,0.0,,,,,1.0,0.0,0.0
2024-01-26 05:14:46.988150+00:00,2100.999,0.0,20.936,-267.932,21.156,21.817,66.959,0.152,22.944,0.003,43.465,0.0,0.0,0.0,,,,,1.0,0.0,0.0
2024-01-26 05:14:47.996025+00:00,2101.999,1.0,20.936,-268.042,21.156,21.817,66.959,0.152,22.944,0.003,43.465,0.0,0.0,0.0,,,,,1.0,0.0,0.0
2024-01-26 05:14:48.987775+00:00,2102.999,2.0,20.936,-268.042,21.156,21.817,66.959,0.152,22.944,0.003,43.465,0.0,0.0,0.0,,,,,1.0,0.0,0.0
2024-01-26 05:14:49.995625+00:00,2103.999,3.0,20.936,-268.042,21.156,21.817,66.959,0.152,22.944,0.003,43.465,0.0,0.0,0.0,,,,,1.0,0.0,0.0
2024-01-26 05:14:50.987500+00:00,2104.999,4.0,20.936,-268.042,21.156,21.817,66.776,0.152,22.944,0.003,43.465,0.0,0.0,0.0,,,,,1.0,0.0,0.0
2024-01-26 05:14:51.995350+00:00,2105.999,5.0,20.936,-268.042,21.156,21.817,66.776,0.151,22.944,0.003,43.465,0.0,0.0,0.0,,,,,1.0,0.0,0.0
2024-01-26 05:14:52.987175+00:00,2106.999,6.0,20.936,-268.042,21.156,21.817,66.776,0.151,23.064,0.003,43.465,0.0,0.0,0.0,,,,,1.0,0.0,0.0
2024-01-26 05:14:53.995000+00:00,2107.999,7.0,20.936,-268.042,21.156,21.817,66.776,0.151,23.064,0.003,43.465,0.0,0.0,0.0,,,,,1.0,0.0,0.0
2024-01-26 05:14:54.986850+00:00,2108.999,8.0,20.936,-268.042,21.156,21.817,66.776,0.151,23.064,0.003,43.527,0.0,0.0,0.0,,,,,1.0,0.0,0.0
2024-01-26 05:14:55.994650+00:00,2109.999,9.0,20.936,-268.042,21.156,21.817,66.776,0.151,23.064,0.003,43.527,0.0,0.0,0.0,,,,,1.0,0.0,0.0
2024-01-26 05:14:56.986525+00:00,2110.999,10.0,20.936,-268.042,21.156,21.817,66.776,0.151,23.064,0.003,43.527,0.0,0.0,0.0,,,,,1.0,0.0,0.0
2024-01-26 05:14:57.994350+00:00,2111.999,11.0,20.936,-268.042,21.156,21.817,66.776,0.151,23.064,0.003,43.527,0.0,0.0,0.0,,,,,1.0,0.0,0.0
2024-01-26 05:14:58.986225+00:00,2112.999,0.0,20.936,-268.042,21.156,21.817,66.776,0.151,23.064,0.003,43.527,0.0,0.0,0.0,,,,,1.0,0.0,0.0
2024-01-26 05:14:59.994000+00:00,2113.999,1.0,20.936,-267.932,21.156,21.817,66.776,0.151,23.064,0.003,43.527,0.0,0.0,0.0,,,,,1.0,0.0,0.0
2024-01-26 05:15:00.985875+00:00,2114.999,2.0,20.936,-267.932,21.156,21.817,66.776,0.151,23.064,0.003,43.527,0.0,0.0,0.0,,,,,1.0,0.0,0.0
2024-01-26 05:15:01.994050+00:00,2115.999,3.0,20.936,-267.932,21.156,21.817,66.776,0.151,23.064,0.003,43.527,0.0,0.0,0.0,,,,,1.0,0.0,0.0
2024-01-26 05:15:02.985550+00:00,2116.999,4.0,20.936,-267.932,21.156,21.817,66.898,0.151,23.064,0.003,43.527,0.0,0.0,0.0,,,,,1.0,0.0,0.0
2024-01-26 05:15:03.993325+00:00,2117.999,5.0,20.936,-267.932,21.156,21.817,66.898,0.152,23.064,0.003,43.527,0.0,0.0,0.0,,,,,1.0,0.0,0.0
2024-01-26 05:15:04.985200+00:00,2118.999,6.0,20.936,-267.932,21.156,21.817,66.898,0.152,22.944,0.003,43.527,0.0,0.0,0.0,,,,,1.0,0.0,0.0
2024-01-26 05:15:05.993025+00:00,2119.999,7.0,20.936,-267.932,21.156,21.817,66.898,0.152,22.944,0.003,43.527,0.0,0.0,0.0,,,,,1.0,0.0,0.0
2024-01-26 05:15:06.984875+00:00,2120.999,8.0,20.936,-267.932,21.156,21.817,66.898,0.152,22.944,0.003,43.281,0.0,0.0,0.0,,,,,1.0,0.0,0.0
2024-01-26 05:15:07.992725+00:00,2121.999,9.0,20.936,-267.932,21.156,21.817,66.898,0.152,22.944,0.003,43.281,0.0,0.0,0.0,,,,,1.0,0.0,0.0
2024-01-26 05:15:08.984500+00:00,2122.999,10.0,20.936,-267.932,21.156,21.817,66.898,0.152,22.944,0.003,43.281,0.0,0.0,0.0,,,,,1.0,0.0,0.0
2024-01-26 05:15:09.992400+00:00,2123.999,11.0,20.936,-267.932,21.156,21.817,66.898,0.152,22.944,0.003,43.281,0.0,0.0,0.0,,,,,1.0,0.0,0.0
2024-01-26 05:15:10.984150+00:00,2124.999,0.0,20.936,-267.932,21.156,21.817,66.898,0.152,22.944,0.003,43.281,0.0,0.0,0.0,,,,,1.0,0.0,0.0
2024-01-26 05:15:11.992050+00:00,2125.999,1.0,20.936,-268.042,21.156,21.817,66.898,0.152,22.944,0.003,43.281,0.0,0.0,0.0,,,,,1.0,0.0,0.0
2024-01-26 05:15:12.983900+00:00,2126.999,2.0,20.936,-268.042,21.156,21.817,66.898,0.152,22.944,0.003,43.281,0.0,0.0,0.0,,,,,1.0,0.0,0.0
2024-01-26 05:15:13.991675+00:00,2127.999,3.0,20.936,-268.042,21.156,21.817,66.898,0.152,22.944,0.003,43.281,0.0,0.0,0.0,,,,,1.0,0.0,0.0
2024-01-26 05:15:14.983550+00:00,2128.999,4.0,20.936,-268.042,21.156,21.817,66.959,0.152,22.944,0.003,43.281,0.0,0.0,0.0,,,,,1.0,0.0,0.0
2024-01-26 05:15:15.991350+00:00,2129.999,5.0,20.936,-268.042,21.156,21.817,66.959,0.151,22.944,0.003,43.281,0.0,0.0,0.0,,,,,1.0,0.0,0.0
2024-01-26 05:15:16.983225+00:00,2130.999,6.0,20.936,-268.042,21.156,21.817,66.959,0.151,23.064,0.003,43.281,0.0,0.0,0.0,,,,,1.0,0.0,0.0
2024-01-26 05:15:17.991025+00:00,2131.999,7.0,20.936,-268.042,21.156,21.817,66.959,0.151,23.064,0.003,43.281,0.0,0.0,0.0,,,,,1.0,0.0,0.0
2024-01-26 05:15:18.982825+00:00,2132.999,8.0,20.936,-268.042,21.156,21.817,66.959,0.151,23.064,0.003,43.281,0.0,0.0,0.0,,,,,1.0,0.0,0.0
2024-01-26 05:15:19.990700+00:00,2133.999,9.0,20.936,-268.042,21.156,21.817,66.959,0.151,23.064,0.003,43.281,0.0,0.0,0.0,,,,,1.0,0.0,0.0
2024-01-26 05:15:20.982600+00:00,2134.999,10.0,20.936,-268.042,21.156,21.817,66.959,0.151,23.064,0.003,43.281,0.0,0.0,0.0,,,,,1.0,0.0,0.0
2024-01-26 05:15:21.990350+00:00,2135.999,11.0,20.936,-268.042,21.156,21.817,66.959,0.151,23.064,0.003,43.281,0.0,0.0,0.0,,,,,1.0,0.0,0.0
2024-01-26 05:15:22.982250+00:00,2136.999,0.0,20.826,-268.042,21.156,21.817,66.959,0.151,23.064,0.003,43.281,0.0,0.0,0.0,,,,,1.0,0.0,0.0
2024-01-26 05:15:23.990050+00:00,2137.999,1.0,20.826,-267.932,21.156,21.817,66.959,0.151,23.064,0.003,43.281,0.0,0.0,0.0,,,,,1.0,0.0,0.0
2024-01-26 05:15:24.981900+00:00,2138.999,2.0,20.826,-267.932,21.156,21.817,66.959,0.151,23.064,0.003,43.281,0.0,0.0,0.0,,,,,1.0,0.0,0.0
2024-01-26 05:15:25.989750+00:00,2139.999,3.0,20.826,-267.932,21.156,21.817,66.959,0.151,23.064,0.003,43.281,0.0,0.0,0.0,,,,,1.0,0.0,0.0
2024-01-26 05:15:26.981550+00:00,2140.999,4.0,20.826,-267.932,21.156,21.817,67.082,0.151,23.064,0.003,43.281,0.0,0.0,0.0,,,,,1.0,0.0,0.0
2024-01-26 05:15:27.989400+00:00,2141.999,5.0,20.826,-267.932,21.156,21.817,67.082,0.151,23.064,0.003,43.281,0.0,0.0,0.0,,,,,1.0,0.0,0.0
2024-01-26 05:15:28.981250+00:00,2142.999,6.0,20.826,-267.932,21.156,21.817,67.082,0.151,22.944,0.003,43.281,0.0,0.0,0.0,,,,,1.0,0.0,0.0
2024-01-26 05:15:29.989100+00:00,2143.999,7.0,20.826,-267.932,21.156,21.817,67.082,0.151,22.944,0.003,43.281,0.0,0.0,0.0,,,,,1.0,0.0,0.0
2024-01-26 05:15:30.980900+00:00,2144.999,8.0,20.826,-267.932,21.156,21.817,67.082,0.151,22.944,0.003,43.281,0.0,0.0,0.0,,,,,1.0,0.0,0.0
2024-01-26 05:15:31.988750+00:00,2145.999,9.0,20.826,-267.932,21.156,21.817,67.082,0.151,22.944,0.003,43.281,0.0,0.0,0.0,,,,,1.0,0.0,0.0
2024-01-26 05:15:32.980575+00:00,2146.999,10.0,20.826,-267.932,21.156,21.817,67.082,0.151,22.944,0.003,43.281,0.0,0.0,0.0,,,,,1.0,0.0,0.0
2024-01-26 05:15:33.988450+00:00,2147.999,11.0,20.826,-267.932,21.156,21.817,67.082,0.151,22.944,0.003,43.281,0.0,0.0,0.0,,,,,1.0,0.0,0.0
2024-01-26 05:15:34.980275+00:00,2148.999,0.0,20.936,-267.932,21.156,21.817,67.082,0.151,22.944,0.003,43.281,0.0,0.0,0.0,,,,,1.0,0.0,0.0
2024-01-26 05:15:35.988125+00:00,2149.999,1.0,20.936,-268.042,21.156,21.817,67.082,0.151,22.944,0.003,43.281,0.0,0.0,0.0,,,,,1.0,0.0,0.0
2024-01-26 05:15:36.996050+00:00,2150.999,2.0,20.936,-268.042,21.156,21.817,67.082,0.151,22.944,0.003,43.281,0.0,0.0,0.0,,,,,1.0,0.0,0.0
2024-01-26 05:15:37.988500+00:00,2151.999,3.0,20.936,-268.042,21.156,21.927,67.082,0.151,22.944,0.003,43.281,0.0,0.0,0.0,,,,,1.0,0.0,0.0
2024-01-26 05:15:38.996175+00:00,2152.999,4.0,20.936,-268.042,21.156,21.927,66.715,0.151,22.944,0.003,43.281,0.0,0.0,0.0,,,,,1.0,0.0,0.0
2024-01-26 05:15:39.988150+00:00,2153.999,5.0,20.936,-268.042,21.156,21.927,66.715,0.151,22.944,0.003,43.281,0.0,0.0,0.0,,,,,1.0,0.0,0.0
2024-01-26 05:15:40.995875+00:00,2154.999,6.0,20.936,-268.042,21.156,21.927,66.715,0.151,22.944,0.003,43.281,0.0,0.0,0.0,,,,,1.0,0.0,0.0
2024-01-26 05:15:41.987825+00:00,2155.999,7.0,20.936,-268.042,21.156,21.927,66.715,0.151,22.944,0.003,43.281,0.0,0.0,0.0,,,,,1.0,0.0,0.0
2024-01-26 05:15:42.995100+00:00,2156.999,8.0,20.936,-268.042,21.156,21.927,66.715,0.151,22.944,0.003,43.343,0.0,0.0,0.0,,,,,1.0,0.0,0.0
2024-01-26 05:15:43.987375+00:00,2157.999,9.0,20.936,-268.042,21.156,21.927,66.715,0.151,22.944,0.003,43.343,0.0,0.0,0.0,,,,,1.0,0.0,0.0
2024-01-26 05:15:44.995225+00:00,2158.999,10.0,20.936,-268.042,21.156,21.927,66.715,0.151,22.944,0.003,43.343,0.0,0.0,0.0,,,,,1.0,0.0,0.0
2024-01-26 05:15:45.987150+00:00,2159.999,11.0,20.936,-268.042,21.156,21.927,66.715,0.151,22.944,0.003,43.343,0.0,0.0,0.0,,,,,1.0,0.0,0.0
2024-01-26 05:15:46.994300+00:00,2160.999,0.0,20.826,-268.042,21.156,21.927,66.715,0.151,22.944,0.003,43.343,0.0,0.0,0.0,,,,,1.0,0.0,0.0
2024-01-26 05:15:47.986850+00:00,2161.999,1.0,20.826,-268.042,21.156,21.927,66.715,0.151,22.944,0.003,43.343,0.0,0.0,0.0,,,,,1.0,0.0,0.0
2024-01-26 05:15:48.995100+00:00,2162.999,2.0,20.826,-268.042,21.156,21.927,66.715,0.151,22.944,0.003,43.343,0.0,0.0,0.0,,,,,1.0,0.0,0.0
