,Date,TimeStamp,HK_id,PinPullerTemp,OpticsTemp,LEXIbaseTemp,HVsupplyTemp,+5.2V_Imon,+10V_Imon,+3.3V_Imon,AnodeVoltMon,+28V_Imon,ADC_Ground,Cmd_count,Pinpuller_Armed,Unused1,Unused2,HVmcpAuto,HVmcpMan,DeltaEvntCount,DeltaDroppedCount,DeltaLostEvntCount
0,2024-01-26 05:10:48.980100,1862.999,2.0,,,21.156298828124996,,,,,,,,,,,,,,1.0,0.0,0.0
1,2024-01-26 05:10:49.987900,1863.999,3.0,,,21.156298828124996,21.7071533203125,,,,,,,,,,,,,1.0,0.0,0.0
2,2024-01-26 05:10:50.979050,1864.999,4.0,,,21.156298828124996,21.7071533203125,66.8982177734375,,,,,,,,,,,,1.0,0.0,0.0
3,2024-01-26 05:10:51.987550,1865.999,5.0,,,21.156298828124996,21.7071533203125,66.8982177734375,0.15203583984375,,,,,,,,,,,1.0,0.0,0.0
4,2024-01-26 05:10:52.994750,1866.999,6.0,,,21.156298828124996,21.7071533203125,66.8982177734375,0.15203583984375,23.06418489383693,,,,,,,,,,1.0,0.0,0.0
5,2024-01-26 05:10:53.987250,1867.999,7.0,,,21.156298828124996,21.7071533203125,66.8982177734375,0.15203583984375,23.06418489383693,0.003305126953125,,,,,,,,,1.0,0.0,0.0
6,2024-01-26 05:10:54.994400,1868.999,8.0,,,21.156298828124996,21.7071533203125,66.8982177734375,0.15203583984375,23.06418489383693,0.003305126953125,43.52673952236621,,,,,,,,1.0,0.0,0.0
7,2024-01-26 05:10:55.986900,1869.999,9.0,,,21.156298828124996,21.7071533203125,66.8982177734375,0.15203583984375,23.06418489383693,0.003305126953125,43.52673952236621,0.0,,,,,,,1.0,0.0,0.0
8,2024-01-26 05:10:56.994725,1870.999,10.0,,,21.156298828124996,21.7071533203125,66.8982177734375,0.15203583984375,23.06418489383693,0.003305126953125,43.52673952236621,0.0,0.0,,,,,,1.0,0.0,0.0
9,2024-01-26 05:10:57.986575,1871.999,11.0,,,21.156298828124996,21.7071533203125,66.8982177734375,0.15203583984375,23.06418489383693,0.003305126953125,43.52673952236621,0.0,0.0,0.0,,,,,1.0,0.0,0.0
10,2024-01-26 05:10:58.993900,1872.999,0.0,20.93595703125,,21.156298828124996,21.7071533203125,66.8982177734375,0.15203583984375,23.06418489383693,0.003305126953125,43.52673952236621,0.0,0.0,0.0,,,,,1.0,0.0,0.0
11,2024-01-26 05:10:59.986250,1873.999,1.0,20.93595703125,-268.04230957031245,21.156298828124996,21.7071533203125,66.8982177734375,0.15203583984375,23.06418489383693,0.003305126953125,43.52673952236621,0.0,0.0,0.0,,,,,1.0,0.0,0.0
12,2024-01-26 05:11:00.993650,1874.999,2.0,20.93595703125,-268.04230957031245,21.156298828124996,21.7071533203125,66.8982177734375,0.15203583984375,23.06418489383693,0.003305126953125,43.52673952236621,0.0,0.0,0.0,,,,,1.0,0.0,0.0
13,2024-01-26 05:11:01.985900,1875.999,3.0,20.93595703125,-268.04230957031245,21.156298828124996,21.7071533203125,66.8982177734375,0.15203583984375,23.06418489383693,0.003305126953125,43.52673952236621,0.0,0.0,0.0,,,,,1.0,0.0,0.0
14,2024-01-26 05:11:02.993575,1876.999,4.0,20.93595703125,-268.04230957031245,21.156298828124996,21.7071533203125,66.65339355468751,0.15203583984375,23.06418489383693,0.003305126953125,43.52673952236621,0.0,0.0,0.0,,,,,1.0,0.0,0.0
15,2024-01-26 05:11:03.985600,1877.999,5.0,20.93595703125,-268.04230957031245,21.156298828124996,21.7071533203125,66.65339355468751,0.150934130859375,23.06418489383693,0.003305126953125,43.52673952236621,0.0,0.0,0.0,,,,,1.0,0.0,0.0
16,2024-01-26 05:11:04.993425,1878.999,6.0,20.93595703125,-268.04230957031245,21.156298828124996,21.7071533203125,66.65339355468751,0.150934130859375,22.943528998056074,0.003305126953125,43.52673952236621,0.0,0.0,0.0,,,,,1.0,0.0,0.0
17,2024-01-26 05:11:05.985250,1879.999,7.0,20.93595703125,-268.04230957031245,21.156298828124996,21.7071533203125,66.65339355468751,0.150934130859375,22.943528998056074,0.003305126953125,43.52673952236621,0.0,0.0,0.0,,,,,1.0,0.0,0.0
18,2024-01-26 05:11:06.993100,1880.999,8.0,20.93595703125,-268.04230957031245,21.156298828124996,21.7071533203125,66.65339355468751,0.150934130859375,22.943528998056074,0.003305126953125,43.3425072507316,0.0,0.0,0.0,,,,,1.0,0.0,0.0
19,2024-01-26 05:11:07.984925,1881.999,9.0,20.93595703125,-268.04230957031245,21.156298828124996,21.7071533203125,66.65339355468751,0.150934130859375,22.943528998056074,0.003305126953125,43.3425072507316,0.0,0.0,0.0,,,,,1.0,0.0,0.0
20,2024-01-26 05:11:08.992750,1882.999,10.0,20.93595703125,-268.04230957031245,21.156298828124996,21.7071533203125,66.65339355468751,0.150934130859375,22.943528998056074,0.003305126953125,43.3425072507316,0.0,0.0,0.0,,,,,1.0,0.0,0.0
21,2024-01-26 05:11:09.984600,1883.999,11.0,20.93595703125,-268.04230957031245,21.156298828124996,21.7071533203125,66.65339355468751,0.150934130859375,22.943528998056074,0.003305126953125,43.3425072507316,0.0,0.0,0.0,,,,,1.0,0.0,0.0
22,2024-01-26 05:11:10.992425,1884.999,0.0,20.93595703125,-268.04230957031245,21.156298828124996,21.7071533203125,66.65339355468751,0.150934130859375,22.943528998056074,0.003305126953125,43.3425072507316,0.0,0.0,0.0,,,,,1.0,0.0,0.0
23,2024-01-26 05:11:11.984325,1885.999,1.0,20.93595703125,-268.15248046875,21.156298828124996,21.7071533203125,66.65339355468751,0.150934130859375,22.943528998056074,0.003305126953125,43.3425072507316,0.0,0.0,0.0,,,,,1.0,0.0,0.0
24,2024-01-26 05:11:12.992175,1886.999,2.0,20.93595703125,-268.15248046875,21.156298828124996,21.7071533203125,66.65339355468751,0.150934130859375,22.943528998056074,0.003305126953125,43.3425072507316,0.0,0.0,0.0,,,,,1.0,0.0,0.0
25,2024-01-26 05:11:13.984000,1887.999,3.0,20.93595703125,-268.15248046875,21.156298828124996,21.7071533203125,66.65339355468751,0.150934130859375,22.943528998056074,0.003305126953125,43.3425072507316,0.0,0.0,0.0,,,,,1.0,0.0,0.0
26,2024-01-26 05:11:14.991825,1888.999,4.0,20.93595703125,-268.15248046875,21.156298828124996,21.7071533203125,66.77580566406249,0.150934130859375,22.943528998056074,0.003305126953125,43.3425072507316,0.0,0.0,0.0,,,,,1.0,0.0,0.0
27,2024-01-26 05:11:15.983675,1889.999,5.0,20.93595703125,-268.15248046875,21.156298828124996,21.7071533203125,66.77580566406249,0.150934130859375,22.943528998056074,0.003305126953125,43.3425072507316,0.0,0.0,0.0,,,,,1.0,0.0,0.0
28,2024-01-26 05:11:16.991350,1890.999,6.0,20.93595703125,-268.15248046875,21.156298828124996,21.7071533203125,66.77580566406249,0.150934130859375,23.06418489383693,0.003305126953125,43.3425072507316,0.0,0.0,0.0,,,,,1.0,0.0,0.0
29,2024-01-26 05:11:17.983375,1891.999,7.0,20.93595703125,-268.15248046875,21.156298828124996,21.7071533203125,66.77580566406249,0.150934130859375,23.06418489383693,0.003305126953125,43.3425072507316,0.0,0.0,0.0,,,,,1.0,0.0,0.0
30,2024-01-26 05:11:18.991175,1892.999,8.0,20.93595703125,-268.15248046875,21.156298828124996,21.7071533203125,66.77580566406249,0.150934130859375,23.06418489383693,0.003305126953125,43.46532876515468,0.0,0.0,0.0,,,,,1.0,0.0,0.0
31,2024-01-26 05:11:19.983000,1893.999,9.0,20.93595703125,-268.15248046875,21.156298828124996,21.7071533203125,66.77580566406249,0.150934130859375,23.06418489383693,0.003305126953125,43.46532876515468,0.0,0.0,0.0,,,,,1.0,0.0,0.0
32,2024-01-26 05:11:20.990850,1894.999,10.0,20.93595703125,-268.15248046875,21.156298828124996,21.7071533203125,66.77580566406249,0.150934130859375,23.06418489383693,0.003305126953125,43.46532876515468,0.0,0.0,0.0,,,,,1.0,0.0,0.0
33,2024-01-26 05:11:21.982675,1895.999,11.0,20.93595703125,-268.15248046875,21.156298828124996,21.7071533203125,66.77580566406249,0.150934130859375,23.06418489383693,0.003305126953125,43.46532876515468,0.0,0.0,0.0,,,,,1.0,0.0,0.0
34,2024-01-26 05:11:22.990475,1896.999,0.0,20.93595703125,-268.15248046875,21.156298828124996,21.7071533203125,66.77580566406249,0.150934130859375,23.06418489383693,0.003305126953125,43.46532876515468,0.0,0.0,0.0,,,,,1.0,0.0,0.0
35,2024-01-26 05:11:23.982375,1897.999,1.0,20.93595703125,-267.932138671875,21.156298828124996,21.7071533203125,66.77580566406249,0.150934130859375,23.06418489383693,0.003305126953125,43.46532876515468,0.0,0.0,0.0,,,,,1.0,0.0,0.0
36,2024-01-26 05:11:24.990200,1898.999,2.0,20.93595703125,-267.932138671875,21.156298828124996,21.7071533203125,66.77580566406249,0.150934130859375,23.06418489383693,0.003305126953125,43.46532876515468,0.0,0.0,0.0,,,,,1.0,0.0,0.0
37,2024-01-26 05:11:25.982025,1899.999,3.0,20.93595703125,-267.932138671875,21.156298828124996,21.7071533203125,66.77580566406249,0.150934130859375,23.06418489383693,0.003305126953125,43.46532876515468,0.0,0.0,0.0,,,,,1.0,0.0,0.0
38,2024-01-26 05:11:26.989875,1900.999,4.0,20.93595703125,-267.932138671875,21.156298828124996,21.7071533203125,67.14304199218749,0.150934130859375,23.06418489383693,0.003305126953125,43.46532876515468,0.0,0.0,0.0,,,,,1.0,0.0,0.0
39,2024-01-26 05:11:27.981700,1901.999,5.0,20.93595703125,-267.932138671875,21.156298828124996,21.7071533203125,67.14304199218749,0.150934130859375,23.06418489383693,0.003305126953125,43.46532876515468,0.0,0.0,0.0,,,,,1.0,0.0,0.0
40,2024-01-26 05:11:28.989525,1902.999,6.0,20.93595703125,-267.932138671875,21.156298828124996,21.7071533203125,67.14304199218749,0.150934130859375,22.943528998056074,0.003305126953125,43.46532876515468,0.0,0.0,0.0,,,,,1.0,0.0,0.0
41,2024-01-26 05:11:29.981350,1903.999,7.0,20.93595703125,-267.932138671875,21.156298828124996,21.7071533203125,67.14304199218749,0.150934130859375,22.943528998056074,0.003305126953125,43.46532876515468,0.0,0.0,0.0,,,,,1.0,0.0,0.0
42,2024-01-26 05:11:30.988600,1904.999,8.0,20.93595703125,-267.932138671875,21.156298828124996,21.7071533203125,67.14304199218749,0.150934130859375,22.943528998056074,0.003305126953125,43.46532876515468,0.0,0.0,0.0,,,,,1.0,0.0,0.0
43,2024-01-26 05:11:31.980975,1905.999,9.0,20.93595703125,-267.932138671875,21.156298828124996,21.7071533203125,67.14304199218749,0.150934130859375,22.943528998056074,0.003305126953125,43.46532876515468,0.0,0.0,0.0,,,,,1.0,0.0,0.0
44,2024-01-26 05:11:32.988700,1906.999,10.0,20.93595703125,-267.932138671875,21.156298828124996,21.7071533203125,67.14304199218749,0.150934130859375,22.943528998056074,0.003305126953125,43.46532876515468,0.0,0.0,0.0,,,,,1.0,0.0,0.0
45,2024-01-26 05:11:33.980650,1907.999,11.0,20.93595703125,-267.932138671875,21.156298828124996,21.7071533203125,67.14304199218749,0.150934130859375,22.943528998056074,0.003305126953125,43.46532876515468,0.0,0.0,0.0,,,,,1.0,0.0,0.0
46,2024-01-26 05:11:34.988525,1908.999,0.0,20.93595703125,-267.932138671875,21.156298828124996,21.7071533203125,67.14304199218749,0.150934130859375,22.943528998056074,0.003305126953125,43.46532876515468,0.0,0.0,0.0,,,,,1.0,0.0,0.0
47,2024-01-26 05:11:35.980100,1909.999,1.0,20.93595703125,-268.15248046875,21.156298828124996,21.7071533203125,67.14304199218749,0.150934130859375,22.943528998056074,0.003305126953125,43.46532876515468,0.0,0.0,0.0,,,,,1.0,0.0,0.0
48,2024-01-26 05:11:36.988125,1910.999,2.0,20.93595703125,-268.15248046875,21.156298828124996,21.7071533203125,67.14304199218749,0.150934130859375,22.943528998056074,0.003305126953125,43.46532876515468,0.0,0.0,0.0,,,,,1.0,0.0,0.0
49,2024-01-26 05:11:37.979375,1911.999,3.0,20.93595703125,-268.15248046875,21.156298828124996,21.7071533203125,67.14304199218749,0.150934130859375,22.943528998056074,0.003305126953125,43.46532876515468,0.0,0.0,0.0,,,,,1.0,0.0,0.0
50,2024-01-26 05:11:38.987725,1912.999,4.0,20.93595703125,-268.15248046875,21.156298828124996,21.7071533203125,66.714599609375,0.150934130859375,22.943528998056074,0.003305126953125,43.46532876515468,0.0,0.0,0.0,,,,,1.0,0.0,0.0
51,2024-01-26 05:11:39.995150,1913.999,5.0,20.93595703125,-268.15248046875,21.156298828124996,21.7071533203125,66.714599609375,0.150934130859375,22.943528998056074,0.003305126953125,43.46532876515468,0.0,0.0,0.0,,,,,1.0,0.0,0.0
52,2024-01-26 05:11:40.988575,1914.999,6.0,20.93595703125,-268.15248046875,21.156298828124996,21.7071533203125,66.714599609375,0.150934130859375,22.943528998056074,0.003305126953125,43.46532876515468,0.0,0.0,0.0,,,,,1.0,0.0,0.0
53,2024-01-26 05:11:41.995200,1915.999,7.0,20.93595703125,-268.15248046875,21.156298828124996,21.7071533203125,66.714599609375,0.150934130859375,22.943528998056074,0.003305126953125,43.46532876515468,0.0,0.0,0.0,,,,,1.0,0.0,0.0
54,2024-01-26 05:11:42.987200,1916.999,8.0,20.93595703125,-268.15248046875,21.156298828124996,21.7071533203125,66.714599609375,0.150934130859375,22.943528998056074,0.003305126953125,43.40391800794314,0.0,0.0,0.0,,,,,1.0,0.0,0.0
55,2024-01-26 05:11:43.994925,1917.999,9.0,20.93595703125,-268.15248046875,21.156298828124996,21.7071533203125,66.714599609375,0.150934130859375,22.943528998056074,0.003305126953125,43.40391800794314,0.0,0.0,0.0,,,,,1.0,0.0,0.0
56,2024-01-26 05:11:44.986675,1918.999,10.0,20.93595703125,-268.15248046875,21.156298828124996,21.7071533203125,66.714599609375,0.150934130859375,22.943528998056074,0.003305126953125,43.40391800794314,0.0,0.0,0.0,,,,,1.0,0.0,0.0
57,2024-01-26 05:11:45.994225,1919.999,11.0,20.93595703125,-268.15248046875,21.156298828124996,21.7071533203125,66.714599609375,0.150934130859375,22.943528998056074,0.003305126953125,43.40391800794314,0.0,0.0,0.0,,,,,1.0,0.0,0.0
58,2024-01-26 05:11:46.985725,1920.999,0.0,20.93595703125,-268.15248046875,21.156298828124996,21.7071533203125,66.714599609375,0.150934130859375,22.943528998056074,0.003305126953125,43.40391800794314,0.0,0.0,0.0,,,,,1.0,0.0,0.0
59,2024-01-26 05:11:47.993650,1921.999,1.0,20.93595703125,-268.04230957031245,21.156298828124996,21.7071533203125,66.714599609375,0.150934130859375,22.943528998056074,0.003305126953125,43.40391800794314,0.0,0.0,0.0,,,,,1.0,0.0,0.0
60,2024-01-26 05:11:48.985450,1922.999,2.0,20.93595703125,-268.04230957031245,21.156298828124996,21.7071533203125,66.714599609375,0.150934130859375,22.943528998056074,0.003305126953125,43.40391800794314,0.0,0.0,0.0,,,,,1.0,0.0,0.0
61,2024-01-26 05:11:49.993325,1923.999,3.0,20.93595703125,-268.04230957031245,21.156298828124996,21.7071533203125,66.714599609375,0.150934130859375,22.943528998056074,0.003305126953125,43.40391800794314,0.0,0.0,0.0,,,,,1.0,0.0,0.0
62,2024-01-26 05:11:50.985800,1924.999,4.0,20.93595703125,-268.04230957031245,21.156298828124996,21.7071533203125,66.83701171874999,0.150934130859375,22.943528998056074,0.003305126953125,43.40391800794314,0.0,0.0,0.0,,,,,1.0,0.0,0.0
63,2024-01-26 05:11:51.993675,1925.999,5.0,20.93595703125,-268.04230957031245,21.156298828124996,21.7071533203125,66.83701171874999,0.15203583984375,22.943528998056074,0.003305126953125,43.40391800794314,0.0,0.0,0.0,,,,,1.0,0.0,0.0
64,2024-01-26 05:11:52.985475,1926.999,6.0,20.93595703125,-268.04230957031245,21.156298828124996,21.7071533203125,66.83701171874999,0.15203583984375,22.943528998056074,0.003305126953125,43.40391800794314,0.0,0.0,0.0,,,,,1.0,0.0,0.0
65,2024-01-26 05:11:53.993350,1927.999,7.0,20.93595703125,-268.04230957031245,21.156298828124996,21.7071533203125,66.83701171874999,0.15203583984375,22.943528998056074,0.003305126953125,43.40391800794314,0.0,0.0,0.0,,,,,1.0,0.0,0.0
66,2024-01-26 05:11:54.985175,1928.999,8.0,20.93595703125,-268.04230957031245,21.156298828124996,21.7071533203125,66.83701171874999,0.15203583984375,22.943528998056074,0.003305126953125,43.52673952236621,0.0,0.0,0.0,,,,,1.0,0.0,0.0
67,2024-01-26 05:11:55.993125,1929.999,9.0,20.93595703125,-268.04230957031245,21.156298828124996,21.7071533203125,66.83701171874999,0.15203583984375,22.943528998056074,0.003305126953125,43.52673952236621,0.0,0.0,0.0,,,,,1.0,0.0,0.0
68,2024-01-26 05:11:56.984925,1930.999,10.0,20.93595703125,-268.04230957031245,21.156298828124996,21.7071533203125,66.83701171874999,0.15203583984375,22.943528998056074,0.003305126953125,43.52673952236621,0.0,0.0,0.0,,,,,1.0,0.0,0.0
69,2024-01-26 05:11:57.992750,1931.999,11.0,20.93595703125,-268.04230957031245,21.156298828124996,21.7071533203125,66.83701171874999,0.15203583984375,22.943528998056074,0.003305126953125,43.52673952236621,0.0,0.0,0.0,,,,,1.0,0.0,0.0
70,2024-01-26 05:11:58.984575,1932.999,0.0,20.93595703125,-268.04230957031245,21.156298828124996,21.7071533203125,66.83701171874999,0.15203583984375,22.943528998056074,0.003305126953125,43.52673952236621,0.0,0.0,0.0,,,,,1.0,0.0,0.0
71,2024-01-26 05:11:59.992275,1933.999,1.0,20.93595703125,-267.932138671875,21.156298828124996,21.7071533203125,66.83701171874999,0.15203583984375,22.943528998056074,0.003305126953125,43.52673952236621,0.0,0.0,0.0,,,,,1.0,0.0,0.0
72,2024-01-26 05:12:00.983500,1934.999,2.0,20.93595703125,-267.932138671875,21.156298828124996,21.7071533203125,66.83701171874999,0.15203583984375,22.943528998056074,0.003305126953125,43.52673952236621,0.0,0.0,0.0,,,,,1.0,0.0,0.0
73,2024-01-26 05:12:01.991300,1935.999,3.0,20.93595703125,-267.932138671875,21.156298828124996,21.7071533203125,66.83701171874999,0.15203583984375,22.943528998056074,0.003305126953125,43.52673952236621,0.0,0.0,0.0,,,,,1.0,0.0,0.0
74,2024-01-26 05:12:02.983175,1936.999,4.0,20.93595703125,-267.932138671875,21.156298828124996,21.7071533203125,66.83701171874999,0.15203583984375,22.943528998056074,0.003305126953125,43.52673952236621,0.0,0.0,0.0,,,,,1.0,0.0,0.0
75,2024-01-26 05:12:03.990975,1937.999,5.0,20.93595703125,-267.932138671875,21.156298828124996,21.7071533203125,66.83701171874999,0.15203583984375,22.943528998056074,0.003305126953125,43.52673952236621,0.0,0.0,0.0,,,,,1.0,0.0,0.0
76,2024-01-26 05:12:04.982825,1938.999,6.0,20.93595703125,-267.932138671875,21.156298828124996,21.7071533203125,66.83701171874999,0.15203583984375,22.943528998056074,0.003305126953125,43.52673952236621,0.0,0.0,0.0,,,,,1.0,0.0,0.0
77,2024-01-26 05:12:05.990650,1939.999,7.0,20.93595703125,-267.932138671875,21.156298828124996,21.7071533203125,66.83701171874999,0.15203583984375,22.943528998056074,0.003305126953125,43.52673952236621,0.0,0.0,0.0,,,,,1.0,0.0,0.0
78,2024-01-26 05:12:06.982525,1940.999,8.0,20.93595703125,-267.932138671875,21.156298828124996,21.7071533203125,66.83701171874999,0.15203583984375,22.943528998056074,0.003305126953125,43.40391800794314,0.0,0.0,0.0,,,,,1.0,0.0,0.0
79,2024-01-26 05:12:07.990325,1941.999,9.0,20.93595703125,-267.932138671875,21.156298828124996,21.7071533203125,66.83701171874999,0.15203583984375,22.943528998056074,0.003305126953125,43.40391800794314,0.0,0.0,0.0,,,,,1.0,0.0,0.0
80,2024-01-26 05:12:08.982250,1942.999,10.0,20.93595703125,-267.932138671875,21.156298828124996,21.7071533203125,66.83701171874999,0.15203583984375,22.943528998056074,0.003305126953125,43.40391800794314,0.0,0.0,0.0,,,,,1.0,0.0,0.0
81,2024-01-26 05:12:09.989950,1943.999,11.0,20.93595703125,-267.932138671875,21.156298828124996,21.7071533203125,66.83701171874999,0.15203583984375,22.943528998056074,0.003305126953125,43.40391800794314,0.0,0.0,0.0,,,,,1.0,0.0,0.0
82,2024-01-26 05:12:10.981825,1944.999,0.0,20.93595703125,-267.932138671875,21.156298828124996,21.7071533203125,66.83701171874999,0.15203583984375,22.943528998056074,0.003305126953125,43.40391800794314,0.0,0.0,0.0,,,,,1.0,0.0,0.0
83,2024-01-26 05:12:11.989675,1945.999,1.0,20.93595703125,-268.04230957031245,21.156298828124996,21.7071533203125,66.83701171874999,0.15203583984375,22.943528998056074,0.003305126953125,43.40391800794314,0.0,0.0,0.0,,,,,1.0,0.0,0.0
84,2024-01-26 05:12:12.982300,1946.999,2.0,20.93595703125,-268.04230957031245,21.156298828124996,21.7071533203125,66.83701171874999,0.15203583984375,22.943528998056074,0.003305126953125,43.40391800794314,0.0,0.0,0.0,,,,,1.0,0.0,0.0
85,2024-01-26 05:12:13.990125,1947.999,3.0,20.93595703125,-268.04230957031245,21.156298828124996,21.7071533203125,66.83701171874999,0.15203583984375,22.943528998056074,0.003305126953125,43.40391800794314,0.0,0.0,0.0,,,,,1.0,0.0,0.0
86,2024-01-26 05:12:14.981800,1948.999,4.0,20.93595703125,-268.04230957031245,21.156298828124996,21.7071533203125,67.204248046875,0.15203583984375,22.943528998056074,0.003305126953125,43.40391800794314,0.0,0.0,0.0,,,,,1.0,0.0,0.0
87,2024-01-26 05:12:15.989800,1949.999,5.0,20.93595703125,-268.04230957031245,21.156298828124996,21.7071533203125,67.204248046875,0.150934130859375,22.943528998056074,0.003305126953125,43.40391800794314,0.0,0.0,0.0,,,,,1.0,0.0,0.0
88,2024-01-26 05:12:16.981600,1950.999,6.0,20.93595703125,-268.04230957031245,21.156298828124996,21.7071533203125,67.204248046875,0.150934130859375,23.06418489383693,0.003305126953125,43.40391800794314,0.0,0.0,0.0,,,,,1.0,0.0,0.0
89,2024-01-26 05:12:17.989475,1951.999,7.0,20.93595703125,-268.04230957031245,21.156298828124996,21.7071533203125,67.204248046875,0.150934130859375,23.06418489383693,0.003305126953125,43.40391800794314,0.0,0.0,0.0,,,,,1.0,0.0,0.0
90,2024-01-26 05:12:18.981300,1952.999,8.0,20.93595703125,-268.04230957031245,21.156298828124996,21.7071533203125,67.204248046875,0.150934130859375,23.06418489383693,0.003305126953125,43.3425072507316,0.0,0.0,0.0,,,,,1.0,0.0,0.0
91,2024-01-26 05:12:19.988675,1953.999,9.0,20.93595703125,-268.04230957031245,21.156298828124996,21.7071533203125,67.204248046875,0.150934130859375,23.06418489383693,0.003305126953125,43.3425072507316,0.0,0.0,0.0,,,,,1.0,0.0,0.0
92,2024-01-26 05:12:20.980900,1954.999,10.0,20.93595703125,-268.04230957031245,21.156298828124996,21.7071533203125,67.204248046875,0.150934130859375,23.06418489383693,0.003305126953125,43.3425072507316,0.0,0.0,0.0,,,,,1.0,0.0,0.0
93,2024-01-26 05:12:21.988575,1955.999,11.0,20.93595703125,-268.04230957031245,21.156298828124996,21.7071533203125,67.204248046875,0.150934130859375,23.06418489383693,0.003305126953125,43.3425072507316,0.0,0.0,0.0,,,,,1.0,0.0,0.0
94,2024-01-26 05:12:22.979875,1956.999,0.0,20.93595703125,-268.04230957031245,21.156298828124996,21.7071533203125,67.204248046875,0.150934130859375,23.06418489383693,0.003305126953125,43.3425072507316,0.0,0.0,0.0,,,,,1.0,0.0,0.0
95,2024-01-26 05:12:23.987700,1957.999,1.0,20.93595703125,-268.04230957031245,21.156298828124996,21.7071533203125,67.204248046875,0.150934130859375,23.06418489383693,0.003305126953125,43.3425072507316,0.0,0.0,0.0,,,,,1.0,0.0,0.0
96,2024-01-26 05:12:24.979525,1958.999,2.0,20.93595703125,-268.04230957031245,21.156298828124996,21.7071533203125,67.204248046875,0.150934130859375,23.06418489383693,0.003305126953125,43.3425072507316,0.0,0.0,0.0,,,,,1.0,0.0,0.0
97,2024-01-26 05:12:25.987375,1959.999,3.0,20.93595703125,-268.04230957031245,21.156298828124996,21.7071533203125,67.204248046875,0.150934130859375,23.06418489383693,0.003305126953125,43.3425072507316,0.0,0.0,0.0,,,,,1.0,0.0,0.0
98,2024-01-26 05:12:26.995225,1960.999,4.0,20.93595703125,-268.04230957031245,21.156298828124996,21.7071533203125,67.204248046875,0.150934130859375,23.06418489383693,0.003305126953125,43.3425072507316,0.0,0.0,0.0,,,,,1.0,0.0,0.0
99,2024-01-26 05:12:27.987025,1961.999,5.0,20.93595703125,-268.04230957031245,21.156298828124996,21.7071533203125,67.204248046875,0.150934130859375,23.06418489383693,0.003305126953125,43.3425072507316,0.0,0.0,0.0,,,,,1.0,0.0,0.0
100,2024-01-26 05:12:28.994875,1962.999,6.0,20.93595703125,-268.04230957031245,21.156298828124996,21.7071533203125,67.204248046875,0.150934130859375,23.06418489383693,0.003305126953125,43.3425072507316,0.0,0.0,0.0,,,,,1.0,0.0,0.0
101,2024-01-26 05:12:29.986700,1963.999,7.0,20.93595703125,-268.04230957031245,21.156298828124996,21.7071533203125,67.204248046875,0.150934130859375,23.06418489383693,0.003305126953125,43.3425072507316,0.0,0.0,0.0,,,,,1.0,0.0,0.0
102,2024-01-26 05:12:30.994525,1964.999,8.0,20.93595703125,-268.04230957031245,21.156298828124996,21.7071533203125,67.204248046875,0.150934130859375,23.06418489383693,0.003305126953125,43.46532876515468,0.0,0.0,0.0,,,,,1.0,0.0,0.0
103,2024-01-26 05:12:31.986425,1965.999,9.0,20.93595703125,-268.04230957031245,21.156298828124996,21.7071533203125,67.204248046875,0.150934130859375,23.06418489383693,0.003305126953125,43.46532876515468,0.0,0.0,0.0,,,,,1.0,0.0,0.0
104,2024-01-26 05:12:32.994175,1966.999,10.0,20.93595703125,-268.04230957031245,21.156298828124996,21.7071533203125,67.204248046875,0.150934130859375,23.06418489383693,0.003305126953125,43.46532876515468,0.0,0.0,0.0,,,,,1.0,0.0,0.0
105,2024-01-26 05:12:33.986050,1967.999,11.0,20.93595703125,-268.04230957031245,21.156298828124996,21.7071533203125,67.204248046875,0.150934130859375,23.06418489383693,0.003305126953125,43.46532876515468,0.0,0.0,0.0,,,,,1.0,0.0,0.0
106,2024-01-26 05:12:34.993900,1968.999,0.0,20.93595703125,-268.04230957031245,21.156298828124996,21.7071533203125,67.204248046875,0.150934130859375,23.06418489383693,0.003305126953125,43.46532876515468,0.0,0.0,0.0,,,,,1.0,0.0,0.0
107,2024-01-26 05:12:35.985725,1969.999,1.0,20.93595703125,-268.04230957031245,21.156298828124996,21.7071533203125,67.204248046875,0.150934130859375,23.06418489383693,0.003305126953125,43.46532876515468,0.0,0.0,0.0,,,,,1.0,0.0,0.0
108,2024-01-26 05:12:36.993575,1970.999,2.0,20.93595703125,-268.04230957031245,21.156298828124996,21.7071533203125,67.204248046875,0.150934130859375,23.06418489383693,0.003305126953125,43.46532876515468,0.0,0.0,0.0,,,,,1.0,0.0,0.0
109,2024-01-26 05:12:37.985400,1971.999,3.0,20.93595703125,-268.04230957031245,21.156298828124996,21.7071533203125,67.204248046875,0.150934130859375,23.06418489383693,0.003305126953125,43.46532876515468,0.0,0.0,0.0,,,,,1.0,0.0,0.0
110,2024-01-26 05:12:38.993200,1972.999,4.0,20.93595703125,-268.04230957031245,21.156298828124996,21.7071533203125,67.32666015625,0.150934130859375,23.06418489383693,0.003305126953125,43.46532876515468,0.0,0.0,0.0,,,,,1.0,0.0,0.0
111,2024-01-26 05:12:39.985050,1973.999,5.0,20.93595703125,-268.04230957031245,21.156298828124996,21.7071533203125,67.32666015625,0.15203583984375,23.06418489383693,0.003305126953125,43.46532876515468,0.0,0.0,0.0,,,,,1.0,0.0,0.0
112,2024-01-26 05:12:40.992875,1974.999,6.0,20.93595703125,-268.04230957031245,21.156298828124996,21.7071533203125,67.32666015625,0.15203583984375,22.943528998056074,0.003305126953125,43.46532876515468,0.0,0.0,0.0,,,,,1.0,0.0,0.0
113,2024-01-26 05:12:41.984725,1975.999,7.0,20.93595703125,-268.04230957031245,21.156298828124996,21.7071533203125,67.32666015625,0.15203583984375,22.943528998056074,0.003305126953125,43.46532876515468,0.0,0.0,0.0,,,,,1.0,0.0,0.0
114,2024-01-26 05:12:42.992550,1976.999,8.0,20.93595703125,-268.04230957031245,21.156298828124996,21.7071533203125,67.32666015625,0.15203583984375,22.943528998056074,0.003305126953125,43.46532876515468,0.0,0.0,0.0,,,,,1.0,0.0,0.0
115,2024-01-26 05:12:43.984425,1977.999,9.0,20.93595703125,-268.04230957031245,21.156298828124996,21.7071533203125,67.32666015625,0.15203583984375,22.943528998056074,0.003305126953125,43.46532876515468,0.0,0.0,0.0,,,,,1.0,0.0,0.0
116,2024-01-26 05:12:44.992275,1978.999,10.0,20.93595703125,-268.04230957031245,21.156298828124996,21.7071533203125,67.32666015625,0.15203583984375,22.943528998056074,0.003305126953125,43.46532876515468,0.0,0.0,0.0,,,,,1.0,0.0,0.0
117,2024-01-26 05:12:45.984050,1979.999,11.0,20.93595703125,-268.04230957031245,21.156298828124996,21.7071533203125,67.32666015625,0.15203583984375,22.943528998056074,0.003305126953125,43.46532876515468,0.0,0.0,0.0,,,,,1.0,0.0,0.0
118,2024-01-26 05:12:46.991875,1980.999,0.0,20.93595703125,-268.04230957031245,21.156298828124996,21.7071533203125,67.32666015625,0.15203583984375,22.943528998056074,0.003305126953125,43.46532876515468,0.0,0.0,0.0,,,,,1.0,0.0,0.0
119,2024-01-26 05:12:47.983750,1981.999,1.0,20.93595703125,-268.15248046875,21.156298828124996,21.7071533203125,67.32666015625,0.15203583984375,22.943528998056074,0.003305126953125,43.46532876515468,0.0,0.0,0.0,,,,,1.0,0.0,0.0
120,2024-01-26 05:12:48.991650,1982.999,2.0,20.93595703125,-268.15248046875,21.156298828124996,21.7071533203125,67.32666015625,0.15203583984375,22.943528998056074,0.003305126953125,43.46532876515468,0.0,0.0,0.0,,,,,1.0,0.0,0.0
121,2024-01-26 05:12:49.983425,1983.999,3.0,20.93595703125,-268.15248046875,21.156298828124996,21.817324218750002,67.32666015625,0.15203583984375,22.943528998056074,0.003305126953125,43.46532876515468,0.0,0.0,0.0,,,,,1.0,0.0,0.0
122,2024-01-26 05:12:50.991250,1984.999,4.0,20.93595703125,-268.15248046875,21.156298828124996,21.817324218750002,66.959423828125,0.15203583984375,22.943528998056074,0.003305126953125,43.46532876515468,0.0,0.0,0.0,,,,,1.0,0.0,0.0
123,2024-01-26 05:12:51.983050,1985.999,5.0,20.93595703125,-268.15248046875,21.156298828124996,21.817324218750002,66.959423828125,0.150934130859375,22.943528998056074,0.003305126953125,43.46532876515468,0.0,0.0,0.0,,,,,1.0,0.0,0.0
124,2024-01-26 05:12:52.990925,1986.999,6.0,20.93595703125,-268.15248046875,21.156298828124996,21.817324218750002,66.959423828125,0.150934130859375,23.06418489383693,0.003305126953125,43.46532876515468,0.0,0.0,0.0,,,,,1.0,0.0,0.0
125,2024-01-26 05:12:53.982700,1987.999,7.0,20.93595703125,-268.15248046875,21.156298828124996,21.817324218750002,66.959423828125,0.150934130859375,23.06418489383693,0.003305126953125,43.46532876515468,0.0,0.0,0.0,,,,,1.0,0.0,0.0
126,2024-01-26 05:12:54.990575,1988.999,8.0,20.93595703125,-268.15248046875,21.156298828124996,21.817324218750002,66.959423828125,0.150934130859375,23.06418489383693,0.003305126953125,43.52673952236621,0.0,0.0,0.0,,,,,1.0,0.0,0.0
127,2024-01-26 05:12:55.982425,1989.999,9.0,20.93595703125,-268.15248046875,21.156298828124996,21.817324218750002,66.959423828125,0.150934130859375,23.06418489383693,0.003305126953125,43.52673952236621,0.0,0.0,0.0,,,,,1.0,0.0,0.0
128,2024-01-26 05:12:56.990250,1990.999,10.0,20.93595703125,-268.15248046875,21.156298828124996,21.817324218750002,66.959423828125,0.150934130859375,23.06418489383693,0.003305126953125,43.52673952236621,0.0,0.0,0.0,,,,,1.0,0.0,0.0
129,2024-01-26 05:12:57.982100,1991.999,11.0,20.93595703125,-268.15248046875,21.156298828124996,21.817324218750002,66.959423828125,0.150934130859375,23.06418489383693,0.003305126953125,43.52673952236621,0.0,0.0,0.0,,,,,1.0,0.0,0.0
130,2024-01-26 05:12:58.989925,1992.999,0.0,20.93595703125,-268.15248046875,21.156298828124996,21.817324218750002,66.959423828125,0.150934130859375,23.06418489383693,0.003305126953125,43.52673952236621,0.0,0.0,0.0,,,,,1.0,0.0,0.0
131,2024-01-26 05:12:59.981775,1993.999,1.0,20.93595703125,-267.8219677734375,21.156298828124996,21.817324218750002,66.959423828125,0.150934130859375,23.06418489383693,0.003305126953125,43.52673952236621,0.0,0.0,0.0,,,,,1.0,0.0,0.0
132,2024-01-26 05:13:00.989600,1994.999,2.0,20.93595703125,-267.8219677734375,21.156298828124996,21.817324218750002,66.959423828125,0.150934130859375,23.06418489383693,0.003305126953125,43.52673952236621,0.0,0.0,0.0,,,,,1.0,0.0,0.0
133,2024-01-26 05:13:01.981425,1995.999,3.0,20.93595703125,-267.8219677734375,21.156298828124996,21.817324218750002,66.959423828125,0.150934130859375,23.06418489383693,0.003305126953125,43.52673952236621,0.0,0.0,0.0,,,,,1.0,0.0,0.0
134,2024-01-26 05:13:02.989275,1996.999,4.0,20.93595703125,-267.8219677734375,21.156298828124996,21.817324218750002,66.959423828125,0.150934130859375,23.06418489383693,0.003305126953125,43.52673952236621,0.0,0.0,0.0,,,,,1.0,0.0,0.0
135,2024-01-26 05:13:03.981100,1997.999,5.0,20.93595703125,-267.8219677734375,21.156298828124996,21.817324218750002,66.959423828125,0.15203583984375,23.06418489383693,0.003305126953125,43.52673952236621,0.0,0.0,0.0,,,,,1.0,0.0,0.0
136,2024-01-26 05:13:04.988950,1998.999,6.0,20.93595703125,-267.8219677734375,21.156298828124996,21.817324218750002,66.959423828125,0.15203583984375,22.943528998056074,0.003305126953125,43.52673952236621,0.0,0.0,0.0,,,,,1.0,0.0,0.0
137,2024-01-26 05:13:05.980775,1999.999,7.0,20.93595703125,-267.8219677734375,21.156298828124996,21.817324218750002,66.959423828125,0.15203583984375,22.943528998056074,0.003305126953125,43.52673952236621,0.0,0.0,0.0,,,,,1.0,0.0,0.0
138,2024-01-26 05:13:06.988600,2000.999,8.0,20.93595703125,-267.8219677734375,21.156298828124996,21.817324218750002,66.959423828125,0.15203583984375,22.943528998056074,0.003305126953125,43.52673952236621,0.0,0.0,0.0,,,,,1.0,0.0,0.0
139,2024-01-26 05:13:07.980450,2001.999,9.0,20.93595703125,-267.8219677734375,21.156298828124996,21.817324218750002,66.959423828125,0.15203583984375,22.943528998056074,0.003305126953125,43.52673952236621,0.0,0.0,0.0,,,,,1.0,0.0,0.0
140,2024-01-26 05:13:08.988275,2002.999,10.0,20.93595703125,-267.8219677734375,21.156298828124996,21.817324218750002,66.959423828125,0.15203583984375,22.943528998056074,0.003305126953125,43.52673952236621,0.0,0.0,0.0,,,,,1.0,0.0,0.0
141,2024-01-26 05:13:09.980050,2003.999,11.0,20.93595703125,-267.8219677734375,21.156298828124996,21.817324218750002,66.959423828125,0.15203583984375,22.943528998056074,0.003305126953125,43.52673952236621,0.0,0.0,0.0,,,,,1.0,0.0,0.0
142,2024-01-26 05:13:10.987950,2004.999,0.0,20.93595703125,-267.8219677734375,21.156298828124996,21.817324218750002,66.959423828125,0.15203583984375,22.943528998056074,0.003305126953125,43.52673952236621,0.0,0.0,0.0,,,,,1.0,0.0,0.0
143,2024-01-26 05:13:11.979975,2005.999,1.0,20.93595703125,-268.15248046875,21.156298828124996,21.817324218750002,66.959423828125,0.15203583984375,22.943528998056074,0.003305126953125,43.52673952236621,0.0,0.0,0.0,,,,,1.0,0.0,0.0
144,2024-01-26 05:13:12.988500,2006.999,2.0,20.93595703125,-268.15248046875,21.156298828124996,21.817324218750002,66.959423828125,0.15203583984375,22.943528998056074,0.003305126953125,43.52673952236621,0.0,0.0,0.0,,,,,1.0,0.0,0.0
145,2024-01-26 05:13:13.996150,2007.999,3.0,20.93595703125,-268.15248046875,21.156298828124996,21.817324218750002,66.959423828125,0.15203583984375,22.943528998056074,0.003305126953125,43.52673952236621,0.0,0.0,0.0,,,,,1.0,0.0,0.0
146,2024-01-26 05:13:14.987900,2008.999,4.0,20.93595703125,-268.15248046875,21.156298828124996,21.817324218750002,66.65339355468751,0.15203583984375,22.943528998056074,0.003305126953125,43.52673952236621,0.0,0.0,0.0,,,,,1.0,0.0,0.0
147,2024-01-26 05:13:15.995900,2009.999,5.0,20.93595703125,-268.15248046875,21.156298828124996,21.817324218750002,66.65339355468751,0.150934130859375,22.943528998056074,0.003305126953125,43.52673952236621,0.0,0.0,0.0,,,,,1.0,0.0,0.0
148,2024-01-26 05:13:16.987725,2010.999,6.0,20.93595703125,-268.15248046875,21.156298828124996,21.817324218750002,66.65339355468751,0.150934130859375,23.06418489383693,0.003305126953125,43.52673952236621,0.0,0.0,0.0,,,,,1.0,0.0,0.0
149,2024-01-26 05:13:17.995575,2011.999,7.0,20.93595703125,-268.15248046875,21.156298828124996,21.817324218750002,66.65339355468751,0.150934130859375,23.06418489383693,0.003305126953125,43.52673952236621,0.0,0.0,0.0,,,,,1.0,0.0,0.0
150,2024-01-26 05:13:18.987400,2012.999,8.0,20.93595703125,-268.15248046875,21.156298828124996,21.817324218750002,66.65339355468751,0.150934130859375,23.06418489383693,0.003305126953125,43.40391800794314,0.0,0.0,0.0,,,,,1.0,0.0,0.0
151,2024-01-26 05:13:19.994550,2013.999,9.0,20.93595703125,-268.15248046875,21.156298828124996,21.817324218750002,66.65339355468751,0.150934130859375,23.06418489383693,0.003305126953125,43.40391800794314,0.0,0.0,0.0,,,,,1.0,0.0,0.0
152,2024-01-26 05:13:20.987075,2014.999,10.0,20.93595703125,-268.15248046875,21.156298828124996,21.817324218750002,66.65339355468751,0.150934130859375,23.06418489383693,0.003305126953125,43.40391800794314,0.0,0.0,0.0,,,,,1.0,0.0,0.0
153,2024-01-26 05:13:21.994900,2015.999,11.0,20.93595703125,-268.15248046875,21.156298828124996,21.817324218750002,66.65339355468751,0.150934130859375,23.06418489383693,0.003305126953125,43.40391800794314,0.0,0.0,0.0,,,,,1.0,0.0,0.0
154,2024-01-26 05:13:22.986750,2016.999,0.0,20.93595703125,-268.15248046875,21.156298828124996,21.817324218750002,66.65339355468751,0.150934130859375,23.06418489383693,0.003305126953125,43.40391800794314,0.0,0.0,0.0,,,,,1.0,0.0,0.0
155,2024-01-26 05:13:23.993975,2017.999,1.0,20.93595703125,-267.932138671875,21.156298828124996,21.817324218750002,66.65339355468751,0.150934130859375,23.06418489383693,0.003305126953125,43.40391800794314,0.0,0.0,0.0,,,,,1.0,0.0,0.0
156,2024-01-26 05:13:24.986325,2018.999,2.0,20.93595703125,-267.932138671875,21.156298828124996,21.817324218750002,66.65339355468751,0.150934130859375,23.06418489383693,0.003305126953125,43.40391800794314,0.0,0.0,0.0,,,,,1.0,0.0,0.0
157,2024-01-26 05:13:25.994325,2019.999,3.0,20.93595703125,-267.932138671875,21.156298828124996,21.7071533203125,66.65339355468751,0.150934130859375,23.06418489383693,0.003305126953125,43.40391800794314,0.0,0.0,0.0,,,,,1.0,0.0,0.0
158,2024-01-26 05:13:26.986000,2020.999,4.0,20.93595703125,-267.932138671875,21.156298828124996,21.7071533203125,66.77580566406249,0.150934130859375,23.06418489383693,0.003305126953125,43.40391800794314,0.0,0.0,0.0,,,,,1.0,0.0,0.0
159,2024-01-26 05:13:27.993850,2021.999,5.0,20.93595703125,-267.932138671875,21.156298828124996,21.7071533203125,66.77580566406249,0.15203583984375,23.06418489383693,0.003305126953125,43.40391800794314,0.0,0.0,0.0,,,,,1.0,0.0,0.0
160,2024-01-26 05:13:28.985675,2022.999,6.0,20.93595703125,-267.932138671875,21.156298828124996,21.7071533203125,66.77580566406249,0.15203583984375,22.943528998056074,0.003305126953125,43.40391800794314,0.0,0.0,0.0,,,,,1.0,0.0,0.0
161,2024-01-26 05:13:29.993600,2023.999,7.0,20.93595703125,-267.932138671875,21.156298828124996,21.7071533203125,66.77580566406249,0.15203583984375,22.943528998056074,0.003305126953125,43.40391800794314,0.0,0.0,0.0,,,,,1.0,0.0,0.0
162,2024-01-26 05:13:30.985350,2024.999,8.0,20.93595703125,-267.932138671875,21.156298828124996,21.7071533203125,66.77580566406249,0.15203583984375,22.943528998056074,0.003305126953125,43.28109649352006,0.0,0.0,0.0,,,,,1.0,0.0,0.0
163,2024-01-26 05:13:31.993025,2025.999,9.0,20.93595703125,-267.932138671875,21.156298828124996,21.7071533203125,66.77580566406249,0.15203583984375,22.943528998056074,0.003305126953125,43.28109649352006,0.0,0.0,0.0,,,,,1.0,0.0,0.0
164,2024-01-26 05:13:32.984875,2026.999,10.0,20.93595703125,-267.932138671875,21.156298828124996,21.7071533203125,66.77580566406249,0.15203583984375,22.943528998056074,0.003305126953125,43.28109649352006,0.0,0.0,0.0,,,,,1.0,0.0,0.0
165,2024-01-26 05:13:33.992800,2027.999,11.0,20.93595703125,-267.932138671875,21.156298828124996,21.7071533203125,66.77580566406249,0.15203583984375,22.943528998056074,0.003305126953125,43.28109649352006,0.0,0.0,0.0,,,,,1.0,0.0,0.0
166,2024-01-26 05:13:34.984600,2028.999,0.0,20.93595703125,-267.932138671875,21.156298828124996,21.7071533203125,66.77580566406249,0.15203583984375,22.943528998056074,0.003305126953125,43.28109649352006,0.0,0.0,0.0,,,,,1.0,0.0,0.0
167,2024-01-26 05:13:35.991775,2029.999,1.0,20.93595703125,-268.04230957031245,21.156298828124996,21.7071533203125,66.77580566406249,0.15203583984375,22.943528998056074,0.003305126953125,43.28109649352006,0.0,0.0,0.0,,,,,1.0,0.0,0.0
168,2024-01-26 05:13:36.983650,2030.999,2.0,20.93595703125,-268.04230957031245,21.156298828124996,21.7071533203125,66.77580566406249,0.15203583984375,22.943528998056074,0.003305126953125,43.28109649352006,0.0,0.0,0.0,,,,,1.0,0.0,0.0
169,2024-01-26 05:13:37.991475,2031.999,3.0,20.93595703125,-268.04230957031245,21.156298828124996,21.817324218750002,66.77580566406249,0.15203583984375,22.943528998056074,0.003305126953125,43.28109649352006,0.0,0.0,0.0,,,,,1.0,0.0,0.0
170,2024-01-26 05:13:38.984100,2032.999,4.0,20.93595703125,-268.04230957031245,21.156298828124996,21.817324218750002,67.0206298828125,0.15203583984375,22.943528998056074,0.003305126953125,43.28109649352006,0.0,0.0,0.0,,,,,1.0,0.0,0.0
171,2024-01-26 05:13:39.991925,2033.999,5.0,20.93595703125,-268.04230957031245,21.156298828124996,21.817324218750002,67.0206298828125,0.150934130859375,22.943528998056074,0.003305126953125,43.28109649352006,0.0,0.0,0.0,,,,,1.0,0.0,0.0
172,2024-01-26 05:13:40.983750,2034.999,6.0,20.93595703125,-268.04230957031245,21.156298828124996,21.817324218750002,67.0206298828125,0.150934130859375,22.943528998056074,0.003305126953125,43.28109649352006,0.0,0.0,0.0,,,,,1.0,0.0,0.0
173,2024-01-26 05:13:41.991600,2035.999,7.0,20.93595703125,-268.04230957031245,21.156298828124996,21.817324218750002,67.0206298828125,0.150934130859375,22.943528998056074,0.003305126953125,43.28109649352006,0.0,0.0,0.0,,,,,1.0,0.0,0.0
174,2024-01-26 05:13:42.983425,2036.999,8.0,20.93595703125,-268.04230957031245,21.156298828124996,21.817324218750002,67.0206298828125,0.150934130859375,22.943528998056074,0.003305126953125,43.46532876515468,0.0,0.0,0.0,,,,,1.0,0.0,0.0
175,2024-01-26 05:13:43.991175,2037.999,9.0,20.93595703125,-268.04230957031245,21.156298828124996,21.817324218750002,67.0206298828125,0.150934130859375,22.943528998056074,0.003305126953125,43.46532876515468,0.0,0.0,0.0,,,,,1.0,0.0,0.0
176,2024-01-26 05:13:44.983100,2038.999,10.0,20.93595703125,-268.04230957031245,21.156298828124996,21.817324218750002,67.0206298828125,0.150934130859375,22.943528998056074,0.003305126953125,43.46532876515468,0.0,0.0,0.0,,,,,1.0,0.0,0.0
177,2024-01-26 05:13:45.990950,2039.999,11.0,20.93595703125,-268.04230957031245,21.156298828124996,21.817324218750002,67.0206298828125,0.150934130859375,22.943528998056074,0.003305126953125,43.46532876515468,0.0,0.0,0.0,,,,,1.0,0.0,0.0
178,2024-01-26 05:13:46.982800,2040.999,0.0,20.825786132812496,-268.04230957031245,21.156298828124996,21.817324218750002,67.0206298828125,0.150934130859375,22.943528998056074,0.003305126953125,43.46532876515468,0.0,0.0,0.0,,,,,1.0,0.0,0.0
179,2024-01-26 05:13:47.990450,2041.999,1.0,20.825786132812496,-268.04230957031245,21.156298828124996,21.817324218750002,67.0206298828125,0.150934130859375,22.943528998056074,0.003305126953125,43.46532876515468,0.0,0.0,0.0,,,,,1.0,0.0,0.0
180,2024-01-26 05:13:48.982450,2042.999,2.0,20.825786132812496,-268.04230957031245,21.156298828124996,21.817324218750002,67.0206298828125,0.150934130859375,22.943528998056074,0.003305126953125,43.46532876515468,0.0,0.0,0.0,,,,,1.0,0.0,0.0
181,2024-01-26 05:13:49.990275,2043.999,3.0,20.825786132812496,-268.04230957031245,21.156298828124996,21.817324218750002,67.0206298828125,0.150934130859375,22.943528998056074,0.003305126953125,43.46532876515468,0.0,0.0,0.0,,,,,1.0,0.0,0.0
182,2024-01-26 05:13:50.981950,2044.999,4.0,20.825786132812496,-268.04230957031245,21.156298828124996,21.817324218750002,66.959423828125,0.150934130859375,22.943528998056074,0.003305126953125,43.46532876515468,0.0,0.0,0.0,,,,,1.0,0.0,0.0
183,2024-01-26 05:13:51.989775,2045.999,5.0,20.825786132812496,-268.04230957031245,21.156298828124996,21.817324218750002,66.959423828125,0.15203583984375,22.943528998056074,0.003305126953125,43.46532876515468,0.0,0.0,0.0,,,,,1.0,0.0,0.0
184,2024-01-26 05:13:52.981600,2046.999,6.0,20.825786132812496,-268.04230957031245,21.156298828124996,21.817324218750002,66.959423828125,0.15203583984375,22.943528998056074,0.003305126953125,43.46532876515468,0.0,0.0,0.0,,,,,1.0,0.0,0.0
185,2024-01-26 05:13:53.989600,2047.999,7.0,20.825786132812496,-268.04230957031245,21.156298828124996,21.817324218750002,66.959423828125,0.15203583984375,22.943528998056074,0.003305126953125,43.46532876515468,0.0,0.0,0.0,,,,,1.0,0.0,0.0
186,2024-01-26 05:13:54.980725,2048.999,8.0,20.825786132812496,-268.04230957031245,21.156298828124996,21.817324218750002,66.959423828125,0.15203583984375,22.943528998056074,0.003305126953125,43.3425072507316,0.0,0.0,0.0,,,,,1.0,0.0,0.0
187,2024-01-26 05:13:55.988625,2049.999,9.0,20.825786132812496,-268.04230957031245,21.156298828124996,21.817324218750002,66.959423828125,0.15203583984375,22.943528998056074,0.003305126953125,43.3425072507316,0.0,0.0,0.0,,,,,1.0,0.0,0.0
188,2024-01-26 05:13:56.980375,2050.999,10.0,20.825786132812496,-268.04230957031245,21.156298828124996,21.817324218750002,66.959423828125,0.15203583984375,22.943528998056074,0.003305126953125,43.3425072507316,0.0,0.0,0.0,,,,,1.0,0.0,0.0
189,2024-01-26 05:13:57.988650,2051.999,11.0,20.825786132812496,-268.04230957031245,21.156298828124996,21.817324218750002,66.959423828125,0.15203583984375,22.943528998056074,0.003305126953125,43.3425072507316,0.0,0.0,0.0,,,,,1.0,0.0,0.0
190,2024-01-26 05:13:58.980150,2052.999,0.0,20.93595703125,-268.04230957031245,21.156298828124996,21.817324218750002,66.959423828125,0.15203583984375,22.943528998056074,0.003305126953125,43.3425072507316,0.0,0.0,0.0,,,,,1.0,0.0,0.0
191,2024-01-26 05:13:59.988625,2053.999,1.0,20.93595703125,-267.932138671875,21.156298828124996,21.817324218750002,66.959423828125,0.15203583984375,22.943528998056074,0.003305126953125,43.3425072507316,0.0,0.0,0.0,,,,,1.0,0.0,0.0
192,2024-01-26 05:14:00.996350,2054.999,2.0,20.93595703125,-267.932138671875,21.156298828124996,21.817324218750002,66.959423828125,0.15203583984375,22.943528998056074,0.003305126953125,43.3425072507316,0.0,0.0,0.0,,,,,1.0,0.0,0.0
193,2024-01-26 05:14:01.988150,2055.999,3.0,20.93595703125,-267.932138671875,21.156298828124996,21.817324218750002,66.959423828125,0.15203583984375,22.943528998056074,0.003305126953125,43.3425072507316,0.0,0.0,0.0,,,,,1.0,0.0,0.0
194,2024-01-26 05:14:02.995525,2056.999,4.0,20.93595703125,-267.932138671875,21.156298828124996,21.817324218750002,66.77580566406249,0.15203583984375,22.943528998056074,0.003305126953125,43.3425072507316,0.0,0.0,0.0,,,,,1.0,0.0,0.0
195,2024-01-26 05:14:03.987900,2057.999,5.0,20.93595703125,-267.932138671875,21.156298828124996,21.817324218750002,66.77580566406249,0.15203583984375,22.943528998056074,0.003305126953125,43.3425072507316,0.0,0.0,0.0,,,,,1.0,0.0,0.0
196,2024-01-26 05:14:04.995850,2058.999,6.0,20.93595703125,-267.932138671875,21.156298828124996,21.817324218750002,66.77580566406249,0.15203583984375,22.943528998056074,0.003305126953125,43.3425072507316,0.0,0.0,0.0,,,,,1.0,0.0,0.0
197,2024-01-26 05:14:05.987650,2059.999,7.0,20.93595703125,-267.932138671875,21.156298828124996,21.817324218750002,66.77580566406249,0.15203583984375,22.943528998056074,0.003305126953125,43.3425072507316,0.0,0.0,0.0,,,,,1.0,0.0,0.0
198,2024-01-26 05:14:06.994800,2060.999,8.0,20.93595703125,-267.932138671875,21.156298828124996,21.817324218750002,66.77580566406249,0.15203583984375,22.943528998056074,0.003305126953125,43.28109649352006,0.0,0.0,0.0,,,,,1.0,0.0,0.0
199,2024-01-26 05:14:07.987250,2061.999,9.0,20.93595703125,-267.932138671875,21.156298828124996,21.817324218750002,66.77580566406249,0.15203583984375,22.943528998056074,0.003305126953125,43.28109649352006,0.0,0.0,0.0,,,,,1.0,0.0,0.0
200,2024-01-26 05:14:08.994575,2062.999,10.0,20.93595703125,-267.932138671875,21.156298828124996,21.817324218750002,66.77580566406249,0.15203583984375,22.943528998056074,0.003305126953125,43.28109649352006,0.0,0.0,0.0,,,,,1.0,0.0,0.0
201,2024-01-26 05:14:09.986900,2063.999,11.0,20.93595703125,-267.932138671875,21.156298828124996,21.817324218750002,66.77580566406249,0.15203583984375,22.943528998056074,0.003305126953125,43.28109649352006,0.0,0.0,0.0,,,,,1.0,0.0,0.0
202,2024-01-26 05:14:10.994925,2064.999,0.0,20.93595703125,-267.932138671875,21.156298828124996,21.817324218750002,66.77580566406249,0.15203583984375,22.943528998056074,0.003305126953125,43.28109649352006,0.0,0.0,0.0,,,,,1.0,0.0,0.0
203,2024-01-26 05:14:11.986675,2065.999,1.0,20.93595703125,-267.932138671875,21.156298828124996,21.817324218750002,66.77580566406249,0.15203583984375,22.943528998056074,0.003305126953125,43.28109649352006,0.0,0.0,0.0,,,,,1.0,0.0,0.0
204,2024-01-26 05:14:12.994575,2066.999,2.0,20.93595703125,-267.932138671875,21.156298828124996,21.817324218750002,66.77580566406249,0.15203583984375,22.943528998056074,0.003305126953125,43.28109649352006,0.0,0.0,0.0,,,,,1.0,0.0,0.0
205,2024-01-26 05:14:13.986350,2067.999,3.0,20.93595703125,-267.932138671875,21.156298828124996,21.817324218750002,66.77580566406249,0.15203583984375,22.943528998056074,0.003305126953125,43.28109649352006,0.0,0.0,0.0,,,,,1.0,0.0,0.0
206,2024-01-26 05:14:14.994050,2068.999,4.0,20.93595703125,-267.932138671875,21.156298828124996,21.817324218750002,66.59218750000001,0.15203583984375,22.943528998056074,0.003305126953125,43.28109649352006,0.0,0.0,0.0,,,,,1.0,0.0,0.0
207,2024-01-26 05:14:15.985300,2069.999,5.0,20.93595703125,-267.932138671875,21.156298828124996,21.817324218750002,66.59218750000001,0.15203583984375,22.943528998056074,0.003305126953125,43.28109649352006,0.0,0.0,0.0,,,,,1.0,0.0,0.0
208,2024-01-26 05:14:16.993800,2070.999,6.0,20.93595703125,-267.932138671875,21.156298828124996,21.817324218750002,66.59218750000001,0.15203583984375,22.943528998056074,0.003305126953125,43.28109649352006,0.0,0.0,0.0,,,,,1.0,0.0,0.0
209,2024-01-26 05:14:17.985500,2071.999,7.0,20.93595703125,-267.932138671875,21.156298828124996,21.817324218750002,66.59218750000001,0.15203583984375,22.943528998056074,0.003305126953125,43.28109649352006,0.0,0.0,0.0,,,,,1.0,0.0,0.0
210,2024-01-26 05:14:18.993575,2072.999,8.0,20.93595703125,-267.932138671875,21.156298828124996,21.817324218750002,66.59218750000001,0.15203583984375,22.943528998056074,0.003305126953125,43.52673952236621,0.0,0.0,0.0,,,,,1.0,0.0,0.0
211,2024-01-26 05:14:19.985350,2073.999,9.0,20.93595703125,-267.932138671875,21.156298828124996,21.817324218750002,66.59218750000001,0.15203583984375,22.943528998056074,0.003305126953125,43.52673952236621,0.0,0.0,0.0,,,,,1.0,0.0,0.0
212,2024-01-26 05:14:20.993200,2074.999,10.0,20.93595703125,-267.932138671875,21.156298828124996,21.817324218750002,66.59218750000001,0.15203583984375,22.943528998056074,0.003305126953125,43.52673952236621,0.0,0.0,0.0,,,,,1.0,0.0,0.0
213,2024-01-26 05:14:21.984250,2075.999,11.0,20.93595703125,-267.932138671875,21.156298828124996,21.817324218750002,66.59218750000001,0.15203583984375,22.943528998056074,0.003305126953125,43.52673952236621,0.0,0.0,0.0,,,,,1.0,0.0,0.0
214,2024-01-26 05:14:22.992100,2076.999,0.0,20.93595703125,-267.932138671875,21.156298828124996,21.817324218750002,66.59218750000001,0.15203583984375,22.943528998056074,0.003305126953125,43.52673952236621,0.0,0.0,0.0,,,,,1.0,0.0,0.0
215,2024-01-26 05:14:23.983950,2077.999,1.0,20.93595703125,-268.15248046875,21.156298828124996,21.817324218750002,66.59218750000001,0.15203583984375,22.943528998056074,0.003305126953125,43.52673952236621,0.0,0.0,0.0,,,,,1.0,0.0,0.0
216,2024-01-26 05:14:24.991750,2078.999,2.0,20.93595703125,-268.15248046875,21.046127929687497,21.817324218750002,66.59218750000001,0.15203583984375,22.943528998056074,0.003305126953125,43.52673952236621,0.0,0.0,0.0,,,,,1.0,0.0,0.0
217,2024-01-26 05:14:25.983625,2079.999,3.0,20.93595703125,-268.15248046875,21.046127929687497,21.7071533203125,66.59218750000001,0.15203583984375,22.943528998056074,0.003305126953125,43.52673952236621,0.0,0.0,0.0,,,,,1.0,0.0,0.0
218,2024-01-26 05:14:26.991375,2080.999,4.0,20.93595703125,-268.15248046875,21.046127929687497,21.7071533203125,66.59218750000001,0.15203583984375,22.943528998056074,0.003305126953125,43.52673952236621,0.0,0.0,0.0,,,,,1.0,0.0,0.0
219,2024-01-26 05:14:27.983275,2081.999,5.0,20.93595703125,-268.15248046875,21.046127929687497,21.7071533203125,66.59218750000001,0.150934130859375,22.943528998056074,0.003305126953125,43.52673952236621,0.0,0.0,0.0,,,,,1.0,0.0,0.0
220,2024-01-26 05:14:28.991100,2082.999,6.0,20.93595703125,-268.15248046875,21.046127929687497,21.7071533203125,66.59218750000001,0.150934130859375,22.943528998056074,0.003305126953125,43.52673952236621,0.0,0.0,0.0,,,,,1.0,0.0,0.0
221,2024-01-26 05:14:29.982925,2083.999,7.0,20.93595703125,-268.15248046875,21.046127929687497,21.7071533203125,66.59218750000001,0.150934130859375,22.943528998056074,0.003305126953125,43.52673952236621,0.0,0.0,0.0,,,,,1.0,0.0,0.0
222,2024-01-26 05:14:30.990725,2084.999,8.0,20.93595703125,-268.15248046875,21.046127929687497,21.7071533203125,66.59218750000001,0.150934130859375,22.943528998056074,0.003305126953125,43.46532876515468,0.0,0.0,0.0,,,,,1.0,0.0,0.0
223,2024-01-26 05:14:31.982625,2085.999,9.0,20.93595703125,-268.15248046875,21.046127929687497,21.7071533203125,66.59218750000001,0.150934130859375,22.943528998056074,0.003305126953125,43.46532876515468,0.0,0.0,0.0,,,,,1.0,0.0,0.0
224,2024-01-26 05:14:32.990450,2086.999,10.0,20.93595703125,-268.15248046875,21.046127929687497,21.7071533203125,66.59218750000001,0.150934130859375,22.943528998056074,0.003305126953125,43.46532876515468,0.0,0.0,0.0,,,,,1.0,0.0,0.0
225,2024-01-26 05:14:33.982300,2087.999,11.0,20.93595703125,-268.15248046875,21.046127929687497,21.7071533203125,66.59218750000001,0.150934130859375,22.943528998056074,0.003305126953125,43.46532876515468,0.0,0.0,0.0,,,,,1.0,0.0,0.0
226,2024-01-26 05:14:34.990125,2088.999,0.0,20.93595703125,-268.15248046875,21.046127929687497,21.7071533203125,66.59218750000001,0.150934130859375,22.943528998056074,0.003305126953125,43.46532876515468,0.0,0.0,0.0,,,,,1.0,0.0,0.0
227,2024-01-26 05:14:35.981975,2089.999,1.0,20.93595703125,-267.932138671875,21.046127929687497,21.7071533203125,66.59218750000001,0.150934130859375,22.943528998056074,0.003305126953125,43.46532876515468,0.0,0.0,0.0,,,,,1.0,0.0,0.0
228,2024-01-26 05:14:36.989800,2090.999,2.0,20.93595703125,-267.932138671875,21.156298828124996,21.7071533203125,66.59218750000001,0.150934130859375,22.943528998056074,0.003305126953125,43.46532876515468,0.0,0.0,0.0,,,,,1.0,0.0,0.0
229,2024-01-26 05:14:37.981575,2091.999,3.0,20.93595703125,-267.932138671875,21.156298828124996,21.817324218750002,66.59218750000001,0.150934130859375,22.943528998056074,0.003305126953125,43.46532876515468,0.0,0.0,0.0,,,,,1.0,0.0,0.0
230,2024-01-26 05:14:38.989425,2092.999,4.0,20.93595703125,-267.932138671875,21.156298828124996,21.817324218750002,66.959423828125,0.150934130859375,22.943528998056074,0.003305126953125,43.46532876515468,0.0,0.0,0.0,,,,,1.0,0.0,0.0
231,2024-01-26 05:14:39.981300,2093.999,5.0,20.93595703125,-267.932138671875,21.156298828124996,21.817324218750002,66.959423828125,0.15203583984375,22.943528998056074,0.003305126953125,43.46532876515468,0.0,0.0,0.0,,,,,1.0,0.0,0.0
232,2024-01-26 05:14:40.989100,2094.999,6.0,20.93595703125,-267.932138671875,21.156298828124996,21.817324218750002,66.959423828125,0.15203583984375,22.943528998056074,0.003305126953125,43.46532876515468,0.0,0.0,0.0,,,,,1.0,0.0,0.0
233,2024-01-26 05:14:41.980975,2095.999,7.0,20.93595703125,-267.932138671875,21.156298828124996,21.817324218750002,66.959423828125,0.15203583984375,22.943528998056074,0.003305126953125,43.46532876515468,0.0,0.0,0.0,,,,,1.0,0.0,0.0
234,2024-01-26 05:14:42.988800,2096.999,8.0,20.93595703125,-267.932138671875,21.156298828124996,21.817324218750002,66.959423828125,0.15203583984375,22.943528998056074,0.003305126953125,43.46532876515468,0.0,0.0,0.0,,,,,1.0,0.0,0.0
235,2024-01-26 05:14:43.980650,2097.999,9.0,20.93595703125,-267.932138671875,21.156298828124996,21.817324218750002,66.959423828125,0.15203583984375,22.943528998056074,0.003305126953125,43.46532876515468,0.0,0.0,0.0,,,,,1.0,0.0,0.0
236,2024-01-26 05:14:44.988525,2098.999,10.0,20.93595703125,-267.932138671875,21.156298828124996,21.817324218750002,66.959423828125,0.15203583984375,22.943528998056074,0.003305126953125,43.46532876515468,0.0,0.0,0.0,,,,,1.0,0.0,0.0
237,2024-01-26 05:14:45.980300,2099.999,11.0,20.93595703125,-267.932138671875,21.156298828124996,21.817324218750002,66.959423828125,0.15203583984375,22.943528998056074,0.003305126953125,43.46532876515468,0.0,0.0,0.0,,,,,1.0,0.0,0.0
238,2024-01-26 05:14:46.988150,2100.999,0.0,20.93595703125,-267.932138671875,21.156298828124996,21.817324218750002,66.959423828125,0.15203583984375,22.943528998056074,0.003305126953125,43.46532876515468,0.0,0.0,0.0,,,,,1.0,0.0,0.0
239,2024-01-26 05:14:47.996025,2101.999,1.0,20.93595703125,-268.04230957031245,21.156298828124996,21.817324218750002,66.959423828125,0.15203583984375,22.943528998056074,0.003305126953125,43.46532876515468,0.0,0.0,0.0,,,,,1.0,0.0,0.0
240,2024-01-26 05:14:48.987775,2102.999,2.0,20.93595703125,-268.04230957031245,21.156298828124996,21.817324218750002,66.959423828125,0.15203583984375,22.943528998056074,0.003305126953125,43.46532876515468,0.0,0.0,0.0,,,,,1.0,0.0,0.0
241,2024-01-26 05:14:49.995625,2103.999,3.0,20.93595703125,-268.04230957031245,21.156298828124996,21.817324218750002,66.959423828125,0.15203583984375,22.943528998056074,0.003305126953125,43.46532876515468,0.0,0.0,0.0,,,,,1.0,0.0,0.0
242,2024-01-26 05:14:50.987500,2104.999,4.0,20.93595703125,-268.04230957031245,21.156298828124996,21.817324218750002,66.77580566406249,0.15203583984375,22.943528998056074,0.003305126953125,43.46532876515468,0.0,0.0,0.0,,,,,1.0,0.0,0.0
243,2024-01-26 05:14:51.995350,2105.999,5.0,20.93595703125,-268.04230957031245,21.156298828124996,21.817324218750002,66.77580566406249,0.150934130859375,22.943528998056074,0.003305126953125,43.46532876515468,0.0,0.0,0.0,,,,,1.0,0.0,0.0
244,2024-01-26 05:14:52.987175,2106.999,6.0,20.93595703125,-268.04230957031245,21.156298828124996,21.817324218750002,66.77580566406249,0.150934130859375,23.06418489383693,0.003305126953125,43.46532876515468,0.0,0.0,0.0,,,,,1.0,0.0,0.0
245,2024-01-26 05:14:53.995000,2107.999,7.0,20.93595703125,-268.04230957031245,21.156298828124996,21.817324218750002,66.77580566406249,0.150934130859375,23.06418489383693,0.003305126953125,43.46532876515468,0.0,0.0,0.0,,,,,1.0,0.0,0.0
246,2024-01-26 05:14:54.986850,2108.999,8.0,20.93595703125,-268.04230957031245,21.156298828124996,21.817324218750002,66.77580566406249,0.150934130859375,23.06418489383693,0.003305126953125,43.52673952236621,0.0,0.0,0.0,,,,,1.0,0.0,0.0
247,2024-01-26 05:14:55.994650,2109.999,9.0,20.93595703125,-268.04230957031245,21.156298828124996,21.817324218750002,66.77580566406249,0.150934130859375,23.06418489383693,0.003305126953125,43.52673952236621,0.0,0.0,0.0,,,,,1.0,0.0,0.0
248,2024-01-26 05:14:56.986525,2110.999,10.0,20.93595703125,-268.04230957031245,21.156298828124996,21.817324218750002,66.77580566406249,0.150934130859375,23.06418489383693,0.003305126953125,43.52673952236621,0.0,0.0,0.0,,,,,1.0,0.0,0.0
249,2024-01-26 05:14:57.994350,2111.999,11.0,20.93595703125,-268.04230957031245,21.156298828124996,21.817324218750002,66.77580566406249,0.150934130859375,23.06418489383693,0.003305126953125,43.52673952236621,0.0,0.0,0.0,,,,,1.0,0.0,0.0
250,2024-01-26 05:14:58.986225,2112.999,0.0,20.93595703125,-268.04230957031245,21.156298828124996,21.817324218750002,66.77580566406249,0.150934130859375,23.06418489383693,0.003305126953125,43.52673952236621,0.0,0.0,0.0,,,,,1.0,0.0,0.0
251,2024-01-26 05:14:59.994000,2113.999,1.0,20.93595703125,-267.932138671875,21.156298828124996,21.817324218750002,66.77580566406249,0.150934130859375,23.06418489383693,0.003305126953125,43.52673952236621,0.0,0.0,0.0,,,,,1.0,0.0,0.0
252,2024-01-26 05:15:00.985875,2114.999,2.0,20.93595703125,-267.932138671875,21.156298828124996,21.817324218750002,66.77580566406249,0.150934130859375,23.06418489383693,0.003305126953125,43.52673952236621,0.0,0.0,0.0,,,,,1.0,0.0,0.0
253,2024-01-26 05:15:01.994050,2115.999,3.0,20.93595703125,-267.932138671875,21.156298828124996,21.817324218750002,66.77580566406249,0.150934130859375,23.06418489383693,0.003305126953125,43.52673952236621,0.0,0.0,0.0,,,,,1.0,0.0,0.0
254,2024-01-26 05:15:02.985550,2116.999,4.0,20.93595703125,-267.932138671875,21.156298828124996,21.817324218750002,66.8982177734375,0.150934130859375,23.06418489383693,0.003305126953125,43.52673952236621,0.0,0.0,0.0,,,,,1.0,0.0,0.0
255,2024-01-26 05:15:03.993325,2117.999,5.0,20.93595703125,-267.932138671875,21.156298828124996,21.817324218750002,66.8982177734375,0.15203583984375,23.06418489383693,0.003305126953125,43.52673952236621,0.0,0.0,0.0,,,,,1.0,0.0,0.0
256,2024-01-26 05:15:04.985200,2118.999,6.0,20.93595703125,-267.932138671875,21.156298828124996,21.817324218750002,66.8982177734375,0.15203583984375,22.943528998056074,0.003305126953125,43.52673952236621,0.0,0.0,0.0,,,,,1.0,0.0,0.0
257,2024-01-26 05:15:05.993025,2119.999,7.0,20.93595703125,-267.932138671875,21.156298828124996,21.817324218750002,66.8982177734375,0.15203583984375,22.943528998056074,0.003305126953125,43.52673952236621,0.0,0.0,0.0,,,,,1.0,0.0,0.0
258,2024-01-26 05:15:06.984875,2120.999,8.0,20.93595703125,-267.932138671875,21.156298828124996,21.817324218750002,66.8982177734375,0.15203583984375,22.943528998056074,0.003305126953125,43.28109649352006,0.0,0.0,0.0,,,,,1.0,0.0,0.0
259,2024-01-26 05:15:07.992725,2121.999,9.0,20.93595703125,-267.932138671875,21.156298828124996,21.817324218750002,66.8982177734375,0.15203583984375,22.943528998056074,0.003305126953125,43.28109649352006,0.0,0.0,0.0,,,,,1.0,0.0,0.0
260,2024-01-26 05:15:08.984500,2122.999,10.0,20.93595703125,-267.932138671875,21.156298828124996,21.817324218750002,66.8982177734375,0.15203583984375,22.943528998056074,0.003305126953125,43.28109649352006,0.0,0.0,0.0,,,,,1.0,0.0,0.0
261,2024-01-26 05:15:09.992400,2123.999,11.0,20.93595703125,-267.932138671875,21.156298828124996,21.817324218750002,66.8982177734375,0.15203583984375,22.943528998056074,0.003305126953125,43.28109649352006,0.0,0.0,0.0,,,,,1.0,0.0,0.0
262,2024-01-26 05:15:10.984150,2124.999,0.0,20.93595703125,-267.932138671875,21.156298828124996,21.817324218750002,66.8982177734375,0.15203583984375,22.943528998056074,0.003305126953125,43.28109649352006,0.0,0.0,0.0,,,,,1.0,0.0,0.0
263,2024-01-26 05:15:11.992050,2125.999,1.0,20.93595703125,-268.04230957031245,21.156298828124996,21.817324218750002,66.8982177734375,0.15203583984375,22.943528998056074,0.003305126953125,43.28109649352006,0.0,0.0,0.0,,,,,1.0,0.0,0.0
264,2024-01-26 05:15:12.983900,2126.999,2.0,20.93595703125,-268.04230957031245,21.156298828124996,21.817324218750002,66.8982177734375,0.15203583984375,22.943528998056074,0.003305126953125,43.28109649352006,0.0,0.0,0.0,,,,,1.0,0.0,0.0
265,2024-01-26 05:15:13.991675,2127.999,3.0,20.93595703125,-268.04230957031245,21.156298828124996,21.817324218750002,66.8982177734375,0.15203583984375,22.943528998056074,0.003305126953125,43.28109649352006,0.0,0.0,0.0,,,,,1.0,0.0,0.0
266,2024-01-26 05:15:14.983550,2128.999,4.0,20.93595703125,-268.04230957031245,21.156298828124996,21.817324218750002,66.959423828125,0.15203583984375,22.943528998056074,0.003305126953125,43.28109649352006,0.0,0.0,0.0,,,,,1.0,0.0,0.0
267,2024-01-26 05:15:15.991350,2129.999,5.0,20.93595703125,-268.04230957031245,21.156298828124996,21.817324218750002,66.959423828125,0.150934130859375,22.943528998056074,0.003305126953125,43.28109649352006,0.0,0.0,0.0,,,,,1.0,0.0,0.0
268,2024-01-26 05:15:16.983225,2130.999,6.0,20.93595703125,-268.04230957031245,21.156298828124996,21.817324218750002,66.959423828125,0.150934130859375,23.06418489383693,0.003305126953125,43.28109649352006,0.0,0.0,0.0,,,,,1.0,0.0,0.0
269,2024-01-26 05:15:17.991025,2131.999,7.0,20.93595703125,-268.04230957031245,21.156298828124996,21.817324218750002,66.959423828125,0.150934130859375,23.06418489383693,0.003305126953125,43.28109649352006,0.0,0.0,0.0,,,,,1.0,0.0,0.0
270,2024-01-26 05:15:18.982825,2132.999,8.0,20.93595703125,-268.04230957031245,21.156298828124996,21.817324218750002,66.959423828125,0.150934130859375,23.06418489383693,0.003305126953125,43.28109649352006,0.0,0.0,0.0,,,,,1.0,0.0,0.0
271,2024-01-26 05:15:19.990700,2133.999,9.0,20.93595703125,-268.04230957031245,21.156298828124996,21.817324218750002,66.959423828125,0.150934130859375,23.06418489383693,0.003305126953125,43.28109649352006,0.0,0.0,0.0,,,,,1.0,0.0,0.0
272,2024-01-26 05:15:20.982600,2134.999,10.0,20.93595703125,-268.04230957031245,21.156298828124996,21.817324218750002,66.959423828125,0.150934130859375,23.06418489383693,0.003305126953125,43.28109649352006,0.0,0.0,0.0,,,,,1.0,0.0,0.0
273,2024-01-26 05:15:21.990350,2135.999,11.0,20.93595703125,-268.04230957031245,21.156298828124996,21.817324218750002,66.959423828125,0.150934130859375,23.06418489383693,0.003305126953125,43.28109649352006,0.0,0.0,0.0,,,,,1.0,0.0,0.0
274,2024-01-26 05:15:22.982250,2136.999,0.0,20.825786132812496,-268.04230957031245,21.156298828124996,21.817324218750002,66.959423828125,0.150934130859375,23.06418489383693,0.003305126953125,43.28109649352006,0.0,0.0,0.0,,,,,1.0,0.0,0.0
275,2024-01-26 05:15:23.990050,2137.999,1.0,20.825786132812496,-267.932138671875,21.156298828124996,21.817324218750002,66.959423828125,0.150934130859375,23.06418489383693,0.003305126953125,43.28109649352006,0.0,0.0,0.0,,,,,1.0,0.0,0.0
276,2024-01-26 05:15:24.981900,2138.999,2.0,20.825786132812496,-267.932138671875,21.156298828124996,21.817324218750002,66.959423828125,0.150934130859375,23.06418489383693,0.003305126953125,43.28109649352006,0.0,0.0,0.0,,,,,1.0,0.0,0.0
277,2024-01-26 05:15:25.989750,2139.999,3.0,20.825786132812496,-267.932138671875,21.156298828124996,21.817324218750002,66.959423828125,0.150934130859375,23.06418489383693,0.003305126953125,43.28109649352006,0.0,0.0,0.0,,,,,1.0,0.0,0.0
278,2024-01-26 05:15:26.981550,2140.999,4.0,20.825786132812496,-267.932138671875,21.156298828124996,21.817324218750002,67.08183593749999,0.150934130859375,23.06418489383693,0.003305126953125,43.28109649352006,0.0,0.0,0.0,,,,,1.0,0.0,0.0
279,2024-01-26 05:15:27.989400,2141.999,5.0,20.825786132812496,-267.932138671875,21.156298828124996,21.817324218750002,67.08183593749999,0.150934130859375,23.06418489383693,0.003305126953125,43.28109649352006,0.0,0.0,0.0,,,,,1.0,0.0,0.0
280,2024-01-26 05:15:28.981250,2142.999,6.0,20.825786132812496,-267.932138671875,21.156298828124996,21.817324218750002,67.08183593749999,0.150934130859375,22.943528998056074,0.003305126953125,43.28109649352006,0.0,0.0,0.0,,,,,1.0,0.0,0.0
281,2024-01-26 05:15:29.989100,2143.999,7.0,20.825786132812496,-267.932138671875,21.156298828124996,21.817324218750002,67.08183593749999,0.150934130859375,22.943528998056074,0.003305126953125,43.28109649352006,0.0,0.0,0.0,,,,,1.0,0.0,0.0
282,2024-01-26 05:15:30.980900,2144.999,8.0,20.825786132812496,-267.932138671875,21.156298828124996,21.817324218750002,67.08183593749999,0.150934130859375,22.943528998056074,0.003305126953125,43.28109649352006,0.0,0.0,0.0,,,,,1.0,0.0,0.0
283,2024-01-26 05:15:31.988750,2145.999,9.0,20.825786132812496,-267.932138671875,21.156298828124996,21.817324218750002,67.08183593749999,0.150934130859375,22.943528998056074,0.003305126953125,43.28109649352006,0.0,0.0,0.0,,,,,1.0,0.0,0.0
284,2024-01-26 05:15:32.980575,2146.999,10.0,20.825786132812496,-267.932138671875,21.156298828124996,21.817324218750002,67.08183593749999,0.150934130859375,22.943528998056074,0.003305126953125,43.28109649352006,0.0,0.0,0.0,,,,,1.0,0.0,0.0
285,2024-01-26 05:15:33.988450,2147.999,11.0,20.825786132812496,-267.932138671875,21.156298828124996,21.817324218750002,67.08183593749999,0.150934130859375,22.943528998056074,0.003305126953125,43.28109649352006,0.0,0.0,0.0,,,,,1.0,0.0,0.0
286,2024-01-26 05:15:34.980275,2148.999,0.0,20.93595703125,-267.932138671875,21.156298828124996,21.817324218750002,67.08183593749999,0.150934130859375,22.943528998056074,0.003305126953125,43.28109649352006,0.0,0.0,0.0,,,,,1.0,0.0,0.0
287,2024-01-26 05:15:35.988125,2149.999,1.0,20.93595703125,-268.04230957031245,21.156298828124996,21.817324218750002,67.08183593749999,0.150934130859375,22.943528998056074,0.003305126953125,43.28109649352006,0.0,0.0,0.0,,,,,1.0,0.0,0.0
288,2024-01-26 05:15:36.996050,2150.999,2.0,20.93595703125,-268.04230957031245,21.156298828124996,21.817324218750002,67.08183593749999,0.150934130859375,22.943528998056074,0.003305126953125,43.28109649352006,0.0,0.0,0.0,,,,,1.0,0.0,0.0
289,2024-01-26 05:15:37.988500,2151.999,3.0,20.93595703125,-268.04230957031245,21.156298828124996,21.9274951171875,67.08183593749999,0.150934130859375,22.943528998056074,0.003305126953125,43.28109649352006,0.0,0.0,0.0,,,,,1.0,0.0,0.0
290,2024-01-26 05:15:38.996175,2152.999,4.0,20.93595703125,-268.04230957031245,21.156298828124996,21.9274951171875,66.714599609375,0.150934130859375,22.943528998056074,0.003305126953125,43.28109649352006,0.0,0.0,0.0,,,,,1.0,0.0,0.0
291,2024-01-26 05:15:39.988150,2153.999,5.0,20.93595703125,-268.04230957031245,21.156298828124996,21.9274951171875,66.714599609375,0.150934130859375,22.943528998056074,0.003305126953125,43.28109649352006,0.0,0.0,0.0,,,,,1.0,0.0,0.0
292,2024-01-26 05:15:40.995875,2154.999,6.0,20.93595703125,-268.04230957031245,21.156298828124996,21.9274951171875,66.714599609375,0.150934130859375,22.943528998056074,0.003305126953125,43.28109649352006,0.0,0.0,0.0,,,,,1.0,0.0,0.0
293,2024-01-26 05:15:41.987825,2155.999,7.0,20.93595703125,-268.04230957031245,21.156298828124996,21.9274951171875,66.714599609375,0.150934130859375,22.943528998056074,0.003305126953125,43.28109649352006,0.0,0.0,0.0,,,,,1.0,0.0,0.0
294,2024-01-26 05:15:42.995100,2156.999,8.0,20.93595703125,-268.04230957031245,21.156298828124996,21.9274951171875,66.714599609375,0.150934130859375,22.943528998056074,0.003305126953125,43.3425072507316,0.0,0.0,0.0,,,,,1.0,0.0,0.0
295,2024-01-26 05:15:43.987375,2157.999,9.0,20.93595703125,-268.04230957031245,21.156298828124996,21.9274951171875,66.714599609375,0.150934130859375,22.943528998056074,0.003305126953125,43.3425072507316,0.0,0.0,0.0,,,,,1.0,0.0,0.0
296,2024-01-26 05:15:44.995225,2158.999,10.0,20.93595703125,-268.04230957031245,21.156298828124996,21.9274951171875,66.714599609375,0.150934130859375,22.943528998056074,0.003305126953125,43.3425072507316,0.0,0.0,0.0,,,,,1.0,0.0,0.0
297,2024-01-26 05:15:45.987150,2159.999,11.0,20.93595703125,-268.04230957031245,21.156298828124996,21.9274951171875,66.714599609375,0.150934130859375,22.943528998056074,0.003305126953125,43.3425072507316,0.0,0.0,0.0,,,,,1.0,0.0,0.0
298,2024-01-26 05:15:46.994300,2160.999,0.0,20.825786132812496,-268.04230957031245,21.156298828124996,21.9274951171875,66.714599609375,0.150934130859375,22.943528998056074,0.003305126953125,43.3425072507316,0.0,0.0,0.0,,,,,1.0,0.0,0.0
299,2024-01-26 05:15:47.986850,2161.999,1.0,20.825786132812496,-268.04230957031245,21.156298828124996,21.9274951171875,66.714599609375,0.150934130859375,22.943528998056074,0.003305126953125,43.3425072507316,0.0,0.0,0.0,,,,,1.0,0.0,0.0
300,2024-01-26 05:15:48.995100,2162.999,2.0,20.825786132812496,-268.04230957031245,21.156298828124996,21.9274951171875,66.714599609375,0.150934130859375,22.943528998056074,0.003305126953125,43.3425072507316,0.0,0.0,0.0,,,,,1.0,0.0,0.0
